aX,aY,aZ,gX,gY,gZ
2.255,1.691,0.452,-6.226,-18.127,19.409
2.507,2.417,0.700,47.241,-49.500,24.841
2.610,3.007,1.047,120.667,-78.979,22.522
2.540,3.249,1.500,195.129,-89.539,4.395
2.247,3.060,2.061,244.812,-80.200,-32.837
1.872,2.577,2.608,240.417,-32.227,-87.952
1.598,2.138,2.847,169.800,59.082,-148.254
1.309,1.806,2.601,63.660,160.156,-201.599
1.087,1.594,2.053,-33.752,242.554,-245.117
0.952,1.430,1.448,-89.172,290.344,-277.832
0.813,1.192,0.932,-89.111,301.392,-295.410
0.715,0.834,0.607,-43.457,279.907,-295.288
0.648,0.417,0.464,15.930,240.784,-281.860
0.553,0.043,0.450,56.763,202.698,-262.573
0.420,-0.197,0.416,64.148,174.377,-244.934
0.325,-0.349,0.301,45.898,162.659,-230.530
0.283,-0.446,0.179,17.578,164.978,-219.604
0.270,-0.496,0.056,-6.226,168.884,-210.144
0.260,-0.591,-0.072,-19.287,169.556,-200.317
0.305,-0.780,-0.195,-22.522,167.847,-190.002
0.403,-0.975,-0.275,-21.301,165.222,-178.284
0.500,-1.082,-0.351,-21.484,159.119,-163.269
0.532,-1.101,-0.378,-18.616,145.630,-142.029
0.510,-1.092,-0.351,-9.583,126.099,-115.173
0.480,-1.057,-0.312,2.136,105.896,-86.670
0.420,-1.028,-0.268,14.832,88.013,-59.143
0.406,-1.003,-0.247,24.902,74.402,-34.424
0.486,-0.939,-0.260,26.794,66.895,-15.442
0.505,-0.930,-0.385,19.409,59.448,-4.883
0.543,-0.921,-0.455,6.287,54.443,-1.770
0.563,-0.862,-0.523,-10.681,51.697,-1.343
0.567,-0.742,-0.566,-24.841,49.622,-0.061
0.516,-0.607,-0.573,-28.015,41.504,5.005
0.450,-0.487,-0.540,-18.555,25.330,13.794
0.391,-0.401,-0.467,-1.038,6.287,24.414
0.346,-0.358,-0.350,19.775,-10.742,34.851
0.291,-0.300,-0.226,38.025,-25.879,44.495
0.237,-0.153,-0.115,51.758,-37.781,50.903
0.235,-0.011,-0.068,61.707,-47.302,47.241
0.258,-0.010,0.010,68.909,-55.847,31.006
0.313,-0.199,0.048,66.650,-62.866,10.010
0.365,-0.411,0.049,46.936,-64.453,-3.296
0.420,-0.587,-0.022,10.986,-62.195,-4.089
0.446,-0.680,-0.100,-30.884,-62.683,10.498
0.447,-0.551,-0.114,-71.350,-64.880,37.659
0.400,-0.176,-0.155,-99.609,-66.956,66.223
0.394,0.190,-0.243,-105.164,-69.641,83.496
0.437,0.473,-0.319,-89.539,-76.172,84.900
0.496,0.489,-0.312,-69.580,-92.102,75.439
0.525,0.365,-0.129,-60.730,-115.906,65.002
0.513,0.316,0.082,-68.054,-137.817,59.937
0.497,0.396,0.304,-81.787,-148.132,58.960
0.495,0.560,0.396,-91.919,-140.503,61.035
0.572,0.674,0.439,-88.196,-116.028,64.209
0.681,0.628,0.411,-69.519,-83.740,66.162
0.724,0.490,0.294,-48.523,-58.350,67.505
0.801,0.417,0.195,-42.725,-41.931,66.040
0.798,0.518,0.104,-51.208,-37.903,61.035
0.788,0.642,0.127,-61.768,-45.898,49.316
0.787,0.808,0.192,-69.153,-56.152,33.264
0.820,0.917,0.257,-70.007,-64.941,16.235
0.837,0.881,0.337,-62.805,-69.275,-0.366
0.869,0.738,0.400,-51.270,-67.200,-15.991
0.870,0.524,0.479,-34.912,-64.819,-26.428
0.826,0.287,0.516,-16.724,-62.073,-28.198
0.781,0.116,0.529,-3.418,-52.124,-24.048
0.744,-0.003,0.522,3.357,-36.865,-18.188
0.760,-0.133,0.453,5.249,-20.142,-14.160
0.790,-0.244,0.340,0.610,-0.793,-11.353
0.824,-0.298,0.217,-10.742,18.311,-7.202
0.848,-0.210,0.031,-25.940,31.799,-1.221
0.899,-0.095,-0.139,-40.161,32.410,2.075
0.925,-0.024,-0.195,-50.903,20.447,-0.610
0.909,0.025,-0.129,-56.824,0.305,-5.310
0.874,0.057,0.024,-53.955,-20.569,-7.446
0.824,0.092,0.185,-40.894,-37.170,-4.822
0.766,0.086,0.338,-21.301,-47.546,0.061
0.743,0.023,0.476,-2.869,-50.293,5.188
0.743,-0.029,0.585,7.263,-45.044,9.460
0.746,-0.054,0.652,5.493,-31.433,11.597
0.764,-0.023,0.621,-4.333,-9.949,12.268
0.782,0.059,0.529,-16.296,11.963,11.841
0.800,0.151,0.411,-23.621,27.710,10.681
0.828,0.182,0.308,-22.888,33.386,6.958
0.843,0.132,0.245,-17.090,30.396,1.648
0.878,0.029,0.261,-9.949,22.705,-1.648
0.886,-0.037,0.312,-7.202,15.137,-2.563
0.886,-0.050,0.353,-7.629,11.597,-1.587
0.890,-0.036,0.373,-6.714,12.695,0.488
0.897,-0.012,0.376,-5.066,15.442,4.150
0.896,-0.002,0.362,-3.601,18.311,6.958
0.897,0.014,0.348,-2.625,22.400,8.057
0.902,0.027,0.317,-2.625,26.428,7.751
0.900,0.038,0.284,-1.831,29.358,7.080
0.930,0.025,0.249,-1.587,29.968,5.615
0.954,-0.000,0.205,-4.333,29.053,2.869
0.977,-0.010,0.179,-9.399,26.367,0.244
0.978,0.000,0.183,-16.724,21.973,-1.038
0.977,0.027,0.196,-22.888,17.639,-2.014
0.964,0.054,0.220,-23.376,13.733,-2.441
0.947,0.066,0.250,-16.968,9.949,-1.526
0.940,0.050,0.279,-8.301,7.568,-0.122
0.928,0.027,0.296,-1.831,6.653,1.648
0.923,0.009,0.291,1.526,7.324,3.235
0.921,-0.006,0.297,1.892,8.301,4.456
0.929,-0.002,0.296,-0.366,9.521,4.578
0.942,0.012,0.293,-4.456,11.292,3.418
0.945,0.040,0.290,-8.423,12.817,2.319
0.954,0.063,0.280,-9.644,14.099,1.648
0.960,0.073,0.263,-7.629,15.076,1.343
0.956,0.072,0.243,-4.150,15.259,1.404
0.958,0.047,0.227,0.000,14.893,2.136
0.945,0.013,0.214,3.479,13.550,2.747
0.947,-0.026,0.207,5.310,12.939,3.235
0.960,-0.045,0.200,4.150,13.062,4.456
0.969,-0.027,0.194,1.160,13.184,6.287
0.968,0.012,0.190,-1.892,13.123,7.812
0.974,0.064,0.174,-4.089,13.611,8.362
0.987,0.108,0.154,-5.493,12.817,7.324

2.071,1.209,0.033,37.231,-78.979,-20.142
2.239,1.445,0.117,67.078,-97.229,-23.376
2.315,1.622,0.338,100.769,-117.249,-29.358
2.229,1.652,0.630,125.000,-128.296,-43.945
2.084,1.571,0.911,129.578,-119.995,-65.857
1.938,1.428,1.099,110.718,-87.830,-89.905
1.780,1.293,1.113,71.411,-36.316,-115.662
1.649,1.170,0.968,22.888,22.156,-141.602
1.534,1.031,0.728,-20.874,75.195,-165.283
1.447,0.870,0.490,-52.490,110.535,-185.486
1.367,0.685,0.296,-67.749,124.390,-198.120
1.329,0.497,0.156,-69.275,121.582,-202.271
1.305,0.302,0.131,-64.514,110.596,-201.233
1.227,0.045,0.164,-57.312,92.834,-193.665
1.171,-0.212,0.160,-48.889,73.120,-178.162
1.170,-0.391,0.185,-48.157,59.387,-158.142
1.144,-0.452,0.229,-54.871,47.302,-139.587
1.027,-0.503,0.239,-58.105,39.429,-124.756
1.056,-0.548,0.272,-50.903,42.786,-117.126
0.999,-0.706,0.177,-32.837,45.837,-108.459
0.993,-0.847,0.152,-10.071,50.842,-95.764
1.006,-0.932,0.130,7.019,56.274,-79.163
1.055,-0.976,0.135,17.395,60.730,-59.326
1.074,-1.002,0.119,23.254,62.439,-39.490
1.103,-1.007,0.121,25.452,62.256,-21.057
1.023,-1.037,0.055,21.790,60.791,-3.174
0.967,-1.045,0.007,11.597,62.744,12.756
0.946,-0.990,-0.029,-4.395,65.247,28.931
0.917,-0.886,-0.068,-24.292,66.284,45.715
0.865,-0.764,-0.106,-40.894,60.669,59.937
0.853,-0.621,-0.063,-49.927,49.744,71.716
0.702,-0.543,-0.131,-53.528,33.569,82.764
0.635,-0.442,-0.106,-52.063,25.696,88.806
0.598,-0.297,-0.069,-47.668,20.569,92.102
0.546,-0.162,-0.050,-39.673,14.099,92.041
0.531,-0.063,-0.049,-25.574,6.775,86.670
0.529,-0.003,-0.033,-7.507,1.465,75.928
0.477,0.029,0.010,9.888,-4.089,62.134
0.406,0.047,0.003,22.583,-8.484,48.584
0.344,0.072,-0.021,29.358,-8.789,39.429
0.251,0.095,-0.039,29.419,-6.042,34.668
0.196,0.139,-0.107,23.010,-0.977,30.518
0.193,0.219,-0.240,16.968,6.226,26.245
0.212,0.295,-0.352,17.700,7.080,20.813
0.224,0.350,-0.474,22.949,-2.625,10.437
0.208,0.371,-0.499,27.832,-22.095,-7.568
0.166,0.300,-0.520,30.823,-46.265,-33.203
0.024,0.141,-0.395,38.879,-78.918,-54.260
-0.089,-0.034,-0.247,44.312,-110.779,-59.631
-0.150,-0.187,-0.137,39.734,-135.559,-44.861
-0.143,-0.312,0.019,26.306,-153.625,-12.024
-0.099,-0.328,0.217,-0.427,-166.260,30.884
-0.111,-0.139,0.370,-45.898,-167.603,73.914
-0.109,0.271,0.479,-100.708,-153.809,104.919
-0.018,0.829,0.540,-150.574,-130.798,115.601
0.165,1.368,0.548,-189.270,-100.220,104.675
0.400,1.708,0.494,-207.642,-66.162,74.463
0.573,1.783,0.461,-194.641,-39.368,31.799
0.682,1.619,0.459,-147.949,-25.818,-8.667
0.739,1.230,0.527,-78.247,-27.710,-35.095
0.700,0.729,0.544,-6.531,-43.762,-45.227
0.678,0.226,0.594,48.706,-57.007,-46.997
0.701,-0.145,0.686,76.233,-56.396,-45.166
0.694,-0.331,0.726,72.327,-46.082,-37.781
0.691,-0.355,0.693,47.668,-26.978,-25.085
0.691,-0.233,0.615,17.639,-4.089,-10.193
0.698,-0.064,0.507,-3.174,17.090,1.343
0.701,0.059,0.382,-7.507,34.851,7.507
0.761,0.133,0.301,0.305,48.462,9.216
0.816,0.130,0.205,12.634,55.725,9.277
0.848,0.067,0.104,22.705,57.617,8.972
0.893,0.009,0.051,25.208,57.434,7.812
0.940,-0.026,0.014,19.043,53.650,7.324
0.967,-0.020,0.010,7.080,46.265,7.141
0.964,0.017,0.009,-6.226,38.025,6.836
0.957,0.060,0.046,-15.015,29.297,7.385
0.946,0.103,0.093,-18.921,21.912,8.606
0.945,0.140,0.117,-18.738,17.151,9.399
0.957,0.166,0.128,-13.977,13.184,10.864
0.962,0.181,0.137,-5.493,8.667,13.062
0.953,0.191,0.162,3.418,3.906,15.259
0.950,0.218,0.184,10.010,0.916,16.296
0.946,0.253,0.191,14.648,0.671,15.198
0.948,0.259,0.186,18.127,2.075,12.146
0.958,0.250,0.178,20.935,3.662,8.911
0.970,0.228,0.171,20.874,3.967,5.310
0.968,0.187,0.159,19.043,2.563,1.892
0.966,0.151,0.172,16.724,1.404,-0.061
0.956,0.122,0.182,13.000,0.305,-0.122
0.947,0.107,0.195,9.766,-0.488,1.221
0.940,0.104,0.212,7.080,-0.244,2.869
0.939,0.118,0.222,4.578,0.977,4.333
0.917,0.152,0.242,2.747,2.869,5.310
0.914,0.180,0.218,2.380,6.470,5.371
0.934,0.165,0.206,4.700,10.620,4.761
0.948,0.140,0.189,5.005,13.550,4.089
0.946,0.129,0.174,0.916,14.648,3.662
0.949,0.136,0.169,-6.042,14.709,2.869
0.951,0.156,0.168,-13.855,14.648,1.038
0.950,0.183,0.158,-18.982,14.771,-0.671
0.964,0.191,0.143,-18.494,14.587,-0.854
0.976,0.173,0.138,-13.489,13.245,-0.122
0.971,0.152,0.151,-7.568,11.414,0.977
0.966,0.143,0.158,-4.272,10.010,2.319
0.958,0.138,0.163,-2.502,9.521,3.540
0.963,0.138,0.168,-2.380,9.644,4.700
0.971,0.161,0.158,-4.456,9.888,5.493
0.974,0.195,0.145,-5.798,9.644,5.920
0.978,0.205,0.146,-4.700,7.874,5.859
0.985,0.195,0.151,-3.418,6.165,5.310
0.989,0.186,0.154,-2.625,4.944,4.578
0.984,0.183,0.154,-2.075,4.211,4.395
0.974,0.187,0.153,-0.122,3.418,4.517
0.971,0.180,0.153,2.747,2.258,5.066
0.961,0.175,0.165,5.188,1.160,5.371
0.956,0.172,0.179,5.859,0.916,5.493
0.957,0.162,0.183,5.371,1.587,4.883
0.959,0.153,0.189,3.906,3.052,4.333
0.968,0.159,0.182,1.221,4.822,4.150

2.113,1.243,-0.163,6.653,-20.874,-16.663
2.266,1.527,-0.173,14.404,-30.090,-27.466
2.253,1.694,-0.108,26.306,-42.725,-44.189
2.149,1.714,-0.014,35.522,-51.208,-62.988
2.039,1.594,0.068,35.400,-51.025,-79.468
1.889,1.393,0.151,24.109,-45.837,-90.637
1.766,1.211,0.213,1.587,-34.973,-98.999
1.672,1.049,0.205,-28.870,-21.179,-107.239
1.604,0.912,0.142,-61.157,-10.071,-115.662
1.528,0.810,0.092,-86.487,-8.667,-124.451
1.463,0.768,0.098,-100.708,-17.090,-130.310
1.274,0.649,0.092,-103.271,-29.785,-133.118
1.225,0.555,0.156,-96.313,-35.461,-136.414
1.192,0.444,0.198,-84.900,-38.940,-134.460
1.145,0.315,0.242,-73.486,-47.546,-125.671
1.055,0.182,0.227,-63.904,-59.753,-112.549
1.017,0.066,0.246,-57.129,-60.486,-102.783
1.052,-0.013,0.301,-53.101,-45.959,-102.539
1.038,-0.130,0.266,-46.509,-22.888,-108.643
1.075,-0.260,0.257,-31.677,2.441,-115.417
1.135,-0.405,0.253,-14.099,23.682,-114.319
1.179,-0.541,0.272,-1.770,35.645,-104.980
1.141,-0.671,0.219,2.258,39.063,-91.919
1.107,-0.779,0.164,-1.099,40.771,-78.003
1.072,-0.837,0.116,-12.390,44.495,-63.232
1.038,-0.828,0.061,-32.959,49.500,-48.706
1.032,-0.724,0.040,-56.152,53.223,-36.865
1.000,-0.583,-0.006,-74.951,51.392,-25.818
0.950,-0.468,-0.057,-83.191,44.128,-17.151
0.942,-0.380,-0.083,-80.566,34.119,-11.841
0.905,-0.315,-0.122,-72.449,22.827,-8.850
0.853,-0.249,-0.121,-62.622,10.437,-6.897
0.751,-0.182,-0.093,-53.528,-4.333,-3.967
0.635,-0.119,-0.032,-46.082,-16.724,-2.380
0.571,-0.071,0.012,-39.429,-20.935,-4.028
0.551,-0.062,0.049,-31.799,-20.447,-5.737
0.505,-0.081,0.098,-24.658,-19.714,-5.310
0.496,-0.081,0.160,-22.522,-18.372,-2.380
0.416,-0.120,0.095,-23.926,-19.409,3.357
0.385,-0.150,0.103,-27.100,-13.062,10.498
0.407,-0.130,0.085,-34.302,-3.906,17.883
0.403,-0.061,0.003,-44.556,2.136,24.536
0.330,0.057,-0.077,-50.781,0.977,28.564
0.282,0.183,-0.090,-49.744,-4.517,27.222
0.258,0.302,-0.137,-43.457,-15.015,21.362
0.244,0.383,-0.187,-30.151,-29.846,15.808
0.222,0.359,-0.121,-12.207,-46.875,11.536
0.232,0.287,-0.039,0.732,-59.448,3.906
0.265,0.217,0.019,9.094,-66.223,-7.324
0.296,0.115,0.045,17.944,-67.322,-18.188
0.265,-0.016,0.085,27.588,-66.162,-22.949
0.213,-0.129,0.128,30.090,-65.308,-21.545
0.175,-0.205,0.144,19.836,-65.430,-11.963
0.171,-0.236,0.144,0.061,-66.528,4.761
0.199,-0.157,0.138,-27.466,-67.566,25.085
0.212,0.065,0.127,-61.829,-69.702,43.335
0.255,0.324,0.125,-93.262,-72.144,53.955
0.332,0.558,0.200,-112.122,-71.167,52.856
0.401,0.694,0.279,-118.103,-64.941,41.260
0.459,0.758,0.358,-110.474,-54.932,26.489
0.507,0.749,0.429,-92.102,-43.884,15.076
0.584,0.680,0.476,-68.726,-33.752,8.484
0.646,0.605,0.522,-45.471,-27.161,5.371
0.690,0.532,0.548,-26.489,-22.400,3.967
0.741,0.438,0.569,-10.681,-16.357,1.282
0.745,0.332,0.539,2.991,-13.977,-2.930
0.727,0.204,0.516,14.282,-12.085,-7.080
0.713,0.064,0.505,19.531,-7.324,-8.240
0.726,-0.035,0.520,15.747,-0.366,-6.348
0.737,-0.064,0.530,2.197,8.423,-2.808
0.712,-0.016,0.496,-14.526,19.775,-0.366
0.769,0.090,0.431,-26.184,36.438,0.549
0.822,0.154,0.370,-23.926,50.659,1.953
0.872,0.160,0.309,-12.878,54.565,4.639
0.877,0.127,0.204,-0.854,52.002,7.690
0.903,0.101,0.148,7.324,49.438,9.705
0.915,0.110,0.113,10.010,45.898,11.108
0.921,0.136,0.087,7.935,40.710,11.475
0.936,0.152,0.081,4.944,35.583,10.376
0.954,0.148,0.093,3.296,31.250,8.728
0.964,0.141,0.099,1.953,28.076,7.690
1.006,0.154,0.127,0.305,25.391,8.057
0.978,0.126,0.076,-0.549,17.883,10.132
0.970,0.126,0.068,-0.916,12.939,11.536
0.966,0.164,0.082,-1.526,12.390,11.292
0.963,0.190,0.080,-1.160,13.489,9.521
0.966,0.187,0.083,1.343,13.184,8.118
0.983,0.168,0.091,2.808,13.916,7.629
0.996,0.165,0.083,1.709,15.259,7.385
0.997,0.168,0.077,-0.305,15.198,6.958
0.993,0.171,0.082,-2.075,14.160,6.287
0.991,0.173,0.079,-3.723,12.512,5.432
0.978,0.170,0.086,-4.150,10.925,5.249
0.969,0.158,0.094,-4.333,10.254,5.737
0.969,0.145,0.100,-5.310,10.193,6.042
0.969,0.144,0.103,-7.080,10.437,6.653
0.969,0.155,0.101,-8.545,10.681,7.202
0.959,0.167,0.093,-9.033,11.658,7.141
0.957,0.182,0.097,-8.057,13.428,7.080
0.954,0.180,0.089,-6.836,13.306,6.042
0.958,0.162,0.082,-6.592,12.024,4.272
0.963,0.144,0.087,-8.423,11.292,2.563
0.964,0.133,0.096,-12.634,10.864,1.587
0.965,0.139,0.102,-16.785,10.681,1.526
0.976,0.166,0.104,-19.165,11.108,2.197
0.983,0.196,0.097,-18.616,11.597,3.418
0.982,0.209,0.083,-15.442,11.597,4.395
0.974,0.207,0.078,-10.620,10.681,4.517
0.979,0.200,0.070,-7.202,10.559,3.723
0.986,0.190,0.045,-4.822,9.399,2.319
0.985,0.175,0.047,-2.380,7.263,1.343
0.991,0.163,0.046,-1.709,4.883,0.854
0.995,0.156,0.049,-1.892,1.892,0.671
0.989,0.158,0.058,-2.197,-0.854,0.671
0.985,0.162,0.067,-2.258,-2.747,1.404
0.975,0.164,0.078,-1.404,-4.211,2.441
0.969,0.164,0.089,-0.854,-4.822,3.296
0.964,0.159,0.094,-1.099,-4.456,3.662
0.963,0.159,0.097,-2.380,-3.906,3.784

2.043,1.001,-0.328,10.376,-21.729,-22.095
2.205,1.146,-0.384,26.489,-26.978,-28.381
2.287,1.212,-0.378,46.814,-33.936,-37.964
2.250,1.183,-0.294,62.317,-38.086,-51.636
2.165,1.115,-0.180,64.026,-35.767,-66.772
2.015,0.993,-0.076,50.842,-26.917,-79.773
1.872,0.835,0.003,26.123,-13.733,-88.501
1.807,0.702,0.086,-6.653,1.892,-94.116
1.743,0.627,0.108,-44.373,16.235,-97.168
1.631,0.569,0.122,-73.914,22.766,-98.450
1.490,0.480,0.136,-89.172,22.827,-95.886
1.412,0.360,0.153,-94.238,25.452,-89.661
1.343,0.240,0.131,-92.346,24.841,-82.153
1.292,0.074,0.131,-84.473,24.292,-78.918
1.343,-0.004,0.135,-75.439,27.161,-79.712
1.327,-0.034,0.136,-66.589,26.917,-76.538
1.279,-0.012,0.188,-53.101,22.583,-70.679
1.241,-0.039,0.222,-33.325,20.447,-70.129
1.197,-0.150,0.229,-12.146,28.687,-78.186
1.149,-0.324,0.169,3.723,44.128,-88.257
1.114,-0.520,0.052,9.949,57.922,-93.994
1.115,-0.676,-0.036,3.113,65.430,-91.309
1.051,-0.783,-0.181,-17.212,61.951,-80.933
1.030,-0.810,-0.229,-44.739,53.101,-69.824
1.011,-0.749,-0.259,-71.899,41.077,-61.340
0.954,-0.667,-0.260,-91.125,28.076,-54.565
0.899,-0.590,-0.280,-100.525,17.456,-47.241
0.867,-0.514,-0.301,-102.112,8.057,-39.551
0.785,-0.439,-0.300,-97.473,-0.916,-30.884
0.680,-0.355,-0.283,-87.891,-9.705,-21.484
0.574,-0.281,-0.238,-72.815,-17.700,-11.414
0.483,-0.218,-0.156,-54.749,-23.560,-2.136
0.432,-0.165,-0.074,-37.842,-27.893,6.287
0.297,-0.180,-0.056,-21.240,-34.119,14.771
0.267,-0.211,-0.011,-7.507,-26.428,18.188
0.294,-0.229,-0.008,0.610,-14.038,19.836
0.324,-0.231,-0.056,5.310,-4.700,21.790
0.310,-0.180,-0.123,7.019,-6.287,23.010
0.277,-0.076,-0.187,4.395,-17.700,20.691
0.230,-0.023,-0.244,-2.563,-34.058,13.062
0.204,0.014,-0.254,-9.338,-49.622,4.395
0.164,0.040,-0.187,-16.174,-64.270,0.671
0.138,0.067,-0.130,-25.024,-73.853,2.441
0.152,0.090,-0.113,-31.372,-76.111,6.897
0.199,0.100,-0.095,-28.076,-72.571,10.193
0.219,0.068,-0.119,-13.611,-67.871,12.329
0.229,-0.013,-0.152,10.498,-70.374,17.944
0.230,-0.167,-0.140,31.067,-83.374,27.588
0.204,-0.293,-0.133,32.043,-101.196,37.842
0.159,-0.319,-0.060,12.024,-121.643,49.377
0.115,-0.223,0.020,-25.879,-136.658,63.721
0.133,-0.004,0.112,-73.364,-139.160,75.867
0.134,0.245,0.160,-113.892,-133.423,82.703
0.165,0.484,0.220,-138.733,-119.690,81.909
0.245,0.676,0.298,-150.391,-100.891,78.491
0.371,0.866,0.386,-155.396,-86.670,77.759
0.496,1.057,0.442,-156.250,-75.012,77.332
0.613,1.202,0.473,-146.667,-62.927,72.327
0.691,1.256,0.490,-122.375,-52.002,61.462
0.775,1.196,0.500,-85.205,-45.410,46.448
0.856,0.996,0.566,-44.128,-47.058,28.442
0.820,0.729,0.581,-9.644,-57.800,9.155
0.778,0.490,0.645,10.498,-57.556,-5.859
0.743,0.316,0.674,18.433,-47.302,-14.465
0.716,0.167,0.688,18.677,-33.020,-16.541
0.712,0.071,0.663,12.207,-14.404,-14.893
0.749,0.031,0.586,2.014,5.432,-10.803
0.796,0.045,0.483,-6.531,22.461,-5.371
0.829,0.090,0.391,-11.353,34.241,-0.183
0.857,0.146,0.310,-12.939,41.504,4.639
0.878,0.204,0.259,-11.719,43.945,7.629
0.895,0.250,0.216,-9.644,43.518,7.690
0.907,0.258,0.181,-7.019,40.161,5.005
0.908,0.226,0.172,-3.723,36.316,1.160
0.910,0.174,0.157,-3.052,34.302,-1.648
0.929,0.129,0.138,-5.981,33.508,-2.808
0.947,0.116,0.124,-12.329,32.898,-2.136
0.948,0.146,0.107,-20.630,31.677,-0.183
0.948,0.203,0.097,-25.879,29.358,2.075
0.948,0.257,0.095,-25.024,25.696,3.296
0.950,0.293,0.096,-18.372,21.240,3.845
0.966,0.291,0.112,-8.484,16.602,3.662
0.982,0.274,0.147,0.488,12.207,2.747
0.989,0.273,0.193,6.165,7.202,2.441
0.927,0.255,0.185,9.888,1.465,2.625
0.930,0.250,0.222,12.268,4.028,0.793
0.932,0.233,0.246,13.611,8.423,-0.610
0.921,0.209,0.248,13.672,10.864,-0.854
0.930,0.185,0.243,11.780,14.465,-0.732
0.938,0.177,0.235,7.996,17.883,-0.427
0.937,0.184,0.214,4.028,20.752,-0.061
0.944,0.201,0.203,1.038,22.766,0.000
0.947,0.223,0.181,-0.366,23.987,-0.183
0.948,0.232,0.167,0.793,24.109,-0.916
0.937,0.223,0.161,4.150,23.254,-1.343
0.934,0.191,0.166,7.141,22.949,-1.953
0.937,0.156,0.161,8.118,23.437,-2.502
0.938,0.130,0.159,6.531,23.621,-2.563
0.934,0.118,0.159,3.479,24.109,-2.319
0.928,0.120,0.158,-0.793,24.353,-1.587
0.931,0.130,0.159,-4.089,24.841,-0.977
0.926,0.146,0.158,-6.226,25.452,-0.122
0.922,0.167,0.150,-6.470,25.940,1.038
0.924,0.173,0.140,-4.822,26.489,2.014
0.933,0.173,0.135,-1.892,26.428,2.197
0.944,0.168,0.123,1.343,26.428,1.831
0.951,0.167,0.116,4.761,26.306,1.648
0.950,0.167,0.109,7.568,25.940,2.258
0.955,0.178,0.103,9.277,26.001,2.930
0.949,0.200,0.088,9.521,26.184,3.235
0.942,0.215,0.072,10.193,26.123,2.747
0.938,0.212,0.056,11.719,25.696,1.648
0.947,0.191,0.043,13.306,24.780,0.122
0.955,0.154,0.042,13.855,23.193,-1.038
0.957,0.122,0.046,13.123,21.484,-1.160
0.956,0.119,0.057,10.681,20.569,-0.061
0.950,0.134,0.051,7.874,20.691,1.709
0.942,0.148,0.047,6.775,21.057,2.930
0.941,0.149,0.045,6.958,21.912,3.479

2.044,0.912,0.013,51.025,-36.377,-21.484
2.033,0.950,0.084,68.848,-41.992,-30.945
2.119,0.917,0.200,76.294,-36.682,-44.250
2.065,0.773,0.291,67.688,-22.827,-54.321
2.027,0.711,0.329,41.138,-1.099,-60.913
1.981,0.722,0.308,4.028,22.034,-63.843
1.934,0.731,0.266,-29.236,42.480,-66.345
1.839,0.708,0.243,-51.086,54.871,-71.472
1.726,0.618,0.227,-60.364,60.974,-75.562
1.627,0.471,0.199,-62.073,64.819,-76.050
1.564,0.313,0.160,-63.293,68.604,-75.256
1.510,0.173,0.094,-67.261,70.801,-75.317
1.496,0.042,0.039,-69.824,67.749,-75.623
1.480,-0.021,0.030,-71.594,57.983,-73.364
1.400,-0.056,0.076,-72.937,43.701,-68.176
1.272,-0.114,0.119,-71.045,30.884,-66.345
1.250,-0.166,0.145,-69.519,31.799,-71.106
1.259,-0.213,0.120,-72.510,41.809,-79.224
1.193,-0.275,0.015,-77.698,50.354,-87.402
1.150,-0.375,-0.066,-82.336,56.580,-95.703
1.158,-0.439,-0.139,-89.722,62.012,-103.088
1.127,-0.509,-0.178,-96.558,57.678,-106.628
1.062,-0.580,-0.162,-100.220,40.039,-104.736
0.974,-0.630,-0.097,-102.661,19.836,-98.083
0.884,-0.661,-0.038,-104.248,3.357,-87.524
0.804,-0.676,0.030,-101.868,-6.653,-73.425
0.790,-0.659,0.104,-97.412,-8.850,-55.359
0.732,-0.649,0.053,-93.506,-6.531,-33.569
0.671,-0.601,0.016,-88.867,2.747,-12.207
0.605,-0.503,-0.005,-81.482,15.259,6.409
0.532,-0.396,-0.036,-69.885,20.996,24.536
0.441,-0.297,-0.072,-53.894,18.555,40.649
0.355,-0.148,-0.136,-35.522,12.512,52.185
0.328,-0.070,-0.182,-17.456,1.953,54.749
0.374,-0.035,-0.167,-3.784,-11.169,45.898
0.402,-0.085,-0.151,2.075,-27.649,31.067
0.397,-0.171,-0.080,1.465,-44.739,15.198
0.362,-0.228,0.002,-8.362,-53.345,3.540
0.321,-0.233,0.036,-26.367,-51.880,1.648
0.311,-0.151,0.099,-44.373,-44.617,9.399
0.299,-0.063,0.068,-57.312,-38.818,22.888
0.284,0.008,0.038,-54.504,-35.217,37.354
0.324,0.047,0.066,-37.048,-23.804,51.270
0.338,0.143,0.030,-14.099,-17.273,64.392
0.339,0.267,-0.063,9.583,-25.940,72.388
0.377,0.214,-0.079,25.635,-48.889,65.186
0.365,0.097,-0.034,22.705,-72.388,41.992
0.306,0.017,-0.021,-2.563,-87.341,15.137
0.259,-0.004,0.004,-38.635,-90.088,-1.282
0.281,-0.004,-0.006,-71.838,-85.327,-3.479
0.324,0.028,0.032,-93.933,-79.895,2.441
0.369,0.074,0.094,-107.239,-76.111,11.963
0.342,0.130,0.106,-111.389,-75.439,22.400
0.337,0.172,0.197,-104.126,-75.989,35.217
0.331,0.187,0.288,-94.604,-77.026,51.270
0.338,0.295,0.370,-94.788,-75.745,67.200
0.362,0.514,0.460,-111.633,-70.129,76.538
0.475,0.787,0.529,-141.174,-58.716,73.425
0.599,1.052,0.565,-167.664,-44.434,56.824
0.690,1.232,0.557,-173.401,-30.457,31.372
0.766,1.256,0.546,-147.522,-21.423,6.042
0.800,1.060,0.581,-94.299,-19.775,-9.521
0.830,0.719,0.660,-34.485,-23.499,-16.235
0.785,0.390,0.656,9.277,-26.855,-18.555
0.774,0.149,0.678,31.128,-20.386,-19.470
0.750,0.004,0.673,34.119,-10.803,-17.761
0.729,-0.050,0.629,24.841,0.671,-13.733
0.732,-0.054,0.552,12.695,14.587,-8.362
0.760,-0.018,0.481,4.089,27.710,-3.540
0.790,0.048,0.374,-0.122,38.269,0.366
0.826,0.099,0.290,2.136,43.884,4.822
0.867,0.131,0.232,7.507,44.678,9.521
0.861,0.164,0.189,11.841,42.725,12.939
0.863,0.193,0.171,14.771,40.283,14.099
0.885,0.194,0.138,16.602,38.452,13.000
0.915,0.162,0.123,17.334,36.743,10.254
0.918,0.129,0.107,16.052,35.400,7.324
0.949,0.129,0.094,11.536,34.912,6.104
0.942,0.131,0.029,5.615,29.297,7.935
0.933,0.110,-0.010,1.831,19.653,10.803
0.956,0.144,-0.009,-1.465,20.386,10.681
0.985,0.191,0.002,-5.432,22.766,9.766
0.988,0.224,0.021,-5.249,20.447,9.277
0.994,0.229,0.055,-2.991,16.602,9.399
1.001,0.241,0.073,-1.587,13.000,8.972
0.998,0.257,0.087,-0.488,10.071,8.240
0.984,0.276,0.105,1.099,7.202,7.568
0.966,0.290,0.133,3.845,4.700,6.409
0.947,0.290,0.153,7.935,3.235,4.639
0.933,0.263,0.186,12.939,3.174,3.357
0.929,0.234,0.202,15.320,5.005,2.991
0.925,0.211,0.210,14.709,8.118,2.808
0.922,0.203,0.208,11.597,12.085,2.808
0.925,0.205,0.182,7.141,15.686,2.686
0.937,0.203,0.160,4.150,18.433,2.075
0.938,0.194,0.136,2.930,18.921,1.526
0.939,0.178,0.117,2.808,18.005,1.160
0.934,0.158,0.107,3.052,16.296,1.404
0.918,0.145,0.115,3.052,14.465,2.502
0.908,0.147,0.122,2.197,13.367,3.174
0.906,0.148,0.128,2.258,13.306,3.418
0.907,0.142,0.131,2.747,14.038,3.784
0.916,0.131,0.131,2.747,14.648,4.272
0.925,0.124,0.131,1.404,15.198,5.127
0.929,0.130,0.126,-1.526,15.259,6.042
0.937,0.141,0.115,-4.272,15.625,6.836
0.939,0.160,0.101,-5.615,15.076,7.996
0.930,0.176,0.095,-5.554,12.939,9.460
0.927,0.183,0.093,-5.249,11.353,11.169
0.912,0.190,0.105,-4.944,10.559,11.658
0.911,0.209,0.114,-4.578,10.620,10.437
0.918,0.216,0.109,-2.930,12.329,8.179
0.924,0.207,0.123,-0.305,14.282,5.737
0.935,0.194,0.120,0.854,16.907,4.395
0.947,0.191,0.108,0.671,18.494,4.028
0.954,0.188,0.096,-0.183,19.165,4.333
0.965,0.193,0.084,-1.892,18.921,4.822
0.971,0.193,0.074,-3.418,17.944,5.310
0.977,0.184,0.072,-4.211,16.907,5.859

1.695,0.636,-0.507,3.418,-15.869,-6.409
1.804,0.762,-0.528,8.362,-22.095,-10.559
1.892,0.888,-0.542,18.616,-30.090,-15.991
1.964,0.958,-0.547,35.889,-38.147,-22.278
2.001,0.966,-0.505,58.655,-44.312,-28.809
1.998,0.913,-0.436,76.538,-44.861,-35.828
1.984,0.819,-0.353,80.627,-37.659,-44.006
1.982,0.732,-0.254,67.749,-24.658,-51.331
1.957,0.681,-0.152,41.016,-10.864,-55.359
1.916,0.638,-0.084,7.141,3.662,-57.251
1.894,0.601,-0.023,-27.710,19.531,-59.326
1.875,0.553,0.020,-59.937,32.410,-62.744
1.888,0.504,0.062,-84.717,42.786,-64.148
1.811,0.442,0.046,-98.267,49.866,-65.247
1.700,0.360,0.022,-98.389,56.335,-68.970
1.618,0.267,-0.030,-92.041,63.843,-73.059
1.559,0.210,-0.130,-84.290,67.139,-77.026
1.454,0.122,-0.248,-71.045,62.439,-81.787
1.415,0.012,-0.258,-53.162,54.321,-85.815
1.338,-0.101,-0.276,-38.818,42.542,-87.158
1.245,-0.219,-0.273,-30.884,29.846,-87.585
1.147,-0.337,-0.277,-29.785,18.921,-87.463
1.065,-0.441,-0.261,-34.790,7.874,-84.717
1.010,-0.508,-0.224,-45.532,-2.258,-78.857
0.980,-0.535,-0.191,-59.509,-10.376,-70.557
0.908,-0.523,-0.151,-70.190,-16.357,-60.303
0.794,-0.478,-0.126,-73.853,-17.822,-49.683
0.684,-0.444,-0.136,-70.129,-16.418,-38.696
0.586,-0.385,-0.138,-59.387,-15.320,-25.696
0.503,-0.305,-0.158,-47.302,-15.320,-12.268
0.446,-0.240,-0.153,-35.950,-16.296,-3.113
0.403,-0.202,-0.149,-25.696,-16.418,0.977
0.358,-0.208,-0.136,-16.113,-14.771,3.113
0.337,-0.247,-0.128,-9.155,-11.841,4.456
0.336,-0.294,-0.144,-8.911,-8.118,5.981
0.305,-0.309,-0.179,-15.503,-7.874,9.705
0.241,-0.278,-0.190,-25.391,-12.939,18.921
0.175,-0.164,-0.183,-35.522,-20.569,31.311
0.128,-0.038,-0.190,-40.161,-27.710,43.396
0.125,0.073,-0.179,-35.217,-35.828,55.420
0.127,0.188,-0.150,-21.240,-45.715,66.650
0.104,0.292,-0.154,-3.967,-57.495,75.256
0.054,0.386,-0.219,14.587,-73.425,77.087
0.060,0.359,-0.196,28.687,-85.754,69.153
0.106,0.290,-0.105,24.048,-98.022,52.551
0.117,0.232,-0.019,-0.610,-115.417,31.738
0.106,0.204,0.048,-35.767,-133.362,13.672
0.123,0.252,0.131,-70.496,-141.785,4.700
0.165,0.343,0.199,-93.933,-142.273,4.944
0.199,0.419,0.248,-101.868,-136.292,10.376
0.242,0.446,0.288,-97.412,-125.244,14.832
0.299,0.437,0.296,-85.693,-111.938,17.456
0.347,0.396,0.301,-70.862,-99.548,19.165
0.381,0.322,0.316,-57.922,-89.722,20.813
0.446,0.251,0.334,-50.659,-81.482,23.560
0.509,0.219,0.388,-51.636,-75.256,26.062
0.565,0.253,0.440,-61.768,-70.251,26.306
0.612,0.315,0.467,-74.341,-62.866,24.170
0.648,0.402,0.477,-79.712,-54.749,20.935
0.678,0.454,0.480,-73.853,-45.471,19.104
0.714,0.470,0.487,-58.228,-36.072,17.029
0.735,0.446,0.473,-37.170,-28.625,14.038
0.773,0.373,0.462,-15.320,-21.851,10.498
0.779,0.272,0.447,1.099,-15.137,6.958
0.785,0.195,0.436,9.033,-7.080,5.615
0.778,0.133,0.396,8.972,-0.061,5.981
0.797,0.084,0.384,4.456,6.714,6.836
0.801,0.069,0.365,-3.967,14.404,7.080
0.820,0.076,0.332,-14.282,22.034,7.996
0.828,0.092,0.276,-23.560,28.992,10.315
0.909,0.157,0.257,-29.358,36.804,12.085
0.916,0.220,0.201,-29.663,37.842,15.198
0.899,0.288,0.156,-24.536,34.973,18.677
0.912,0.356,0.113,-15.442,33.447,18.982
0.921,0.367,0.086,-2.563,29.541,17.212
0.932,0.337,0.078,7.996,24.414,14.221
0.948,0.293,0.090,13.245,20.081,11.047
0.959,0.257,0.109,12.512,16.663,8.972
0.971,0.256,0.123,7.629,15.381,8.118
0.975,0.290,0.127,2.319,15.320,7.874
0.981,0.330,0.121,-0.488,16.052,7.874
0.984,0.358,0.112,0.488,17.090,7.812
0.989,0.371,0.091,3.784,17.822,6.653
0.990,0.364,0.081,8.118,17.822,4.761
0.985,0.343,0.077,10.681,17.395,2.258
0.980,0.314,0.078,11.169,16.541,-0.122
0.977,0.294,0.087,9.888,16.296,-1.221
0.973,0.274,0.095,6.592,16.724,-2.441
0.970,0.247,0.103,2.441,17.822,-4.089
0.966,0.234,0.110,-1.953,19.165,-4.700
0.956,0.245,0.106,-7.080,20.325,-4.272
0.949,0.263,0.094,-9.521,20.813,-3.235
0.937,0.273,0.093,-7.629,19.958,-2.197
0.927,0.271,0.095,-3.601,19.104,-1.709
0.920,0.258,0.105,0.549,18.433,-2.197
0.923,0.236,0.118,2.869,19.531,-3.174
0.929,0.224,0.123,1.831,20.996,-4.211
0.935,0.232,0.127,-0.793,22.949,-4.395
0.931,0.259,0.118,-3.052,24.719,-3.906
0.923,0.278,0.111,-2.747,25.696,-3.601
0.921,0.278,0.104,-0.183,26.123,-4.150
0.922,0.259,0.094,3.296,25.879,-4.517
0.914,0.234,0.092,6.287,25.146,-4.517
0.915,0.207,0.092,7.507,24.658,-3.784
0.920,0.194,0.089,7.446,23.804,-2.502
0.917,0.190,0.089,7.263,22.888,-1.221
0.917,0.190,0.082,7.690,21.973,0.427
0.908,0.201,0.086,9.338,21.362,2.747
0.897,0.219,0.084,10.925,21.118,4.333
0.900,0.228,0.083,13.184,21.179,4.272
0.899,0.228,0.087,15.747,21.606,2.930
0.901,0.225,0.094,17.273,22.705,1.160
0.908,0.228,0.087,18.494,24.231,-0.244
0.914,0.224,0.089,19.592,25.635,-1.099
0.914,0.223,0.084,20.020,26.855,-1.221
0.911,0.223,0.081,19.592,27.832,-0.916
0.907,0.223,0.075,18.188,29.053,-0.732
0.904,0.217,0.066,16.418,30.640,-0.671
0.900,0.209,0.056,14.099,32.410,-0.610

1.874,0.553,-0.231,12.817,-32.715,-13.428
1.954,0.605,-0.213,11.414,-31.799,-21.118
2.021,0.628,-0.166,9.338,-29.968,-29.358
2.061,0.622,-0.123,7.874,-26.672,-35.950
2.059,0.578,-0.059,9.583,-21.851,-41.443
2.060,0.508,0.017,11.597,-13.000,-45.044
2.019,0.433,0.058,8.362,-1.160,-45.715
1.985,0.371,0.081,-2.197,14.465,-43.701
1.889,0.344,0.074,-19.592,32.288,-41.138
1.796,0.323,0.038,-38.879,49.072,-38.147
1.737,0.307,-0.053,-53.772,62.622,-36.682
1.669,0.284,-0.121,-58.533,67.749,-40.649
1.579,0.204,-0.159,-51.025,63.599,-48.218
1.538,0.094,-0.180,-37.781,55.908,-56.885
1.504,-0.013,-0.201,-25.818,46.204,-66.162
1.446,-0.165,-0.229,-16.541,35.889,-74.890
1.444,-0.304,-0.197,-10.681,26.672,-80.872
1.412,-0.405,-0.184,-13.977,19.104,-83.679
1.295,-0.496,-0.301,-25.879,13.794,-82.336
1.235,-0.535,-0.328,-38.452,12.939,-79.407
1.198,-0.540,-0.332,-49.377,10.864,-74.890
1.096,-0.544,-0.308,-55.542,1.953,-65.674
1.012,-0.561,-0.278,-54.077,-8.667,-54.565
0.925,-0.594,-0.224,-45.166,-19.287,-41.626
0.794,-0.626,-0.141,-34.729,-28.137,-26.733
0.677,-0.619,-0.074,-28.198,-34.058,-10.437
0.572,-0.564,-0.001,-24.597,-36.072,5.310
0.506,-0.479,0.065,-21.118,-31.799,17.639
0.446,-0.392,0.064,-14.832,-21.545,24.475
0.382,-0.338,0.091,-3.052,-9.766,30.090
0.328,-0.262,0.075,7.874,0.244,36.011
0.287,-0.176,0.003,14.099,4.761,40.649
0.277,-0.132,-0.052,16.602,1.953,42.358
0.263,-0.088,-0.059,13.000,-7.935,40.833
0.237,0.001,-0.043,3.845,-20.874,38.086
0.218,0.091,-0.027,-3.540,-30.273,35.156
0.211,0.159,0.003,-2.563,-34.058,32.654
0.202,0.161,0.000,5.188,-33.752,30.273
0.199,0.117,0.049,17.639,-31.982,30.579
0.200,0.058,0.039,26.855,-28.625,34.180
0.149,0.083,-0.021,33.508,-28.442,40.466
0.158,0.100,-0.070,34.851,-35.828,46.753
0.214,0.081,-0.093,19.226,-52.612,43.030
0.242,0.104,-0.094,-16.174,-71.838,33.020
0.245,0.167,-0.100,-61.707,-86.731,21.667
0.277,0.228,-0.001,-106.995,-98.572,11.169
0.279,0.311,0.071,-143.921,-110.046,3.296
0.270,0.388,0.161,-162.476,-120.422,1.648
0.295,0.422,0.284,-160.278,-123.352,6.470
0.342,0.489,0.388,-146.179,-120.178,15.198
0.397,0.579,0.469,-129.089,-111.694,25.513
0.478,0.693,0.523,-113.098,-99.121,34.302
0.520,0.814,0.546,-98.145,-85.449,38.757
0.612,0.909,0.545,-80.505,-73.486,35.828
0.673,0.905,0.558,-59.998,-64.514,23.254
0.709,0.789,0.598,-39.612,-57.556,6.165
0.746,0.620,0.632,-23.010,-50.903,-8.667
0.769,0.445,0.640,-11.780,-42.480,-18.066
0.793,0.271,0.645,-3.845,-33.630,-22.095
0.815,0.159,0.664,1.282,-23.560,-21.851
0.812,0.126,0.637,2.441,-12.146,-18.738
0.791,0.115,0.608,4.517,-0.793,-13.611
0.788,0.113,0.574,8.057,11.841,-7.874
0.807,0.120,0.495,9.888,25.208,-3.296
0.824,0.139,0.400,11.902,35.828,-1.038
0.822,0.158,0.315,16.052,42.358,1.038
0.851,0.141,0.243,20.691,43.823,2.869
0.870,0.118,0.202,22.095,42.175,3.052
0.867,0.110,0.179,18.677,40.344,2.075
0.888,0.091,0.156,13.672,38.818,0.000
0.917,0.059,0.141,9.155,38.086,-1.770
0.940,0.034,0.126,5.798,37.048,-2.502
0.957,0.032,0.122,3.662,34.607,-1.343
0.952,0.074,0.120,2.197,30.945,1.282
0.939,0.121,0.121,2.625,27.222,3.967
0.930,0.150,0.124,5.432,24.475,5.493
0.934,0.164,0.127,8.240,22.644,5.920
0.932,0.169,0.120,9.155,21.606,5.127
0.940,0.159,0.120,8.667,20.447,3.540
0.953,0.143,0.121,6.592,19.348,1.831
0.966,0.141,0.118,3.540,18.555,0.916
0.969,0.152,0.114,1.343,17.395,1.038
0.963,0.165,0.116,0.610,16.235,1.343
0.954,0.165,0.109,1.770,15.564,1.099
0.951,0.143,0.109,3.662,15.442,0.488
0.954,0.113,0.102,4.700,15.381,0.244
0.953,0.090,0.096,3.723,15.259,0.488
0.951,0.080,0.096,1.526,14.771,0.793
0.950,0.096,0.095,-1.038,13.794,1.221
0.946,0.112,0.088,-1.404,12.146,1.526
0.949,0.119,0.090,0.549,10.193,1.526
0.948,0.116,0.097,2.991,7.935,1.770
0.948,0.108,0.103,3.906,6.104,2.258
0.937,0.104,0.123,3.479,5.676,2.747
0.925,0.102,0.133,2.075,6.531,2.563
0.920,0.098,0.139,0.793,8.850,2.136
0.920,0.091,0.137,-0.427,11.292,2.502
0.928,0.089,0.132,-1.831,13.000,3.723
0.932,0.103,0.125,-3.357,14.099,5.371
0.937,0.119,0.114,-4.822,14.587,6.714
0.941,0.129,0.099,-5.371,14.221,7.446
0.941,0.130,0.095,-4.883,13.184,7.812
0.943,0.118,0.087,-4.089,12.329,7.874
0.945,0.107,0.087,-4.089,11.353,8.118
0.945,0.104,0.084,-4.883,10.742,8.545
0.952,0.118,0.077,-5.859,9.827,9.155
0.952,0.143,0.068,-5.432,8.301,10.193
0.949,0.164,0.070,-3.418,6.104,11.536
0.942,0.183,0.080,-0.854,3.967,12.390
0.937,0.186,0.079,1.953,2.991,11.841
0.930,0.171,0.092,4.822,2.930,10.620
0.928,0.156,0.097,5.798,3.540,9.094
0.926,0.143,0.091,4.333,4.456,7.385
0.921,0.140,0.092,2.319,5.554,6.775
0.919,0.160,0.089,0.732,5.737,6.714
0.917,0.174,0.075,2.014,5.615,6.287
0.925,0.165,0.078,6.531,5.188,6.409
0.941,0.135,0.075,11.292,4.639,6.775
0.950,0.104,0.078,13.733,3.723,7.446

1.815,0.738,-0.424,-20.081,-38.879,-13.794
1.926,0.861,-0.425,-33.081,-32.410,-27.954
2.031,0.895,-0.389,-37.659,-30.823,-45.166
2.085,0.870,-0.306,-34.546,-33.691,-61.707
2.070,0.808,-0.214,-25.818,-39.063,-75.012
1.996,0.717,-0.097,-13.245,-44.495,-83.435
1.911,0.596,0.023,-1.953,-47.180,-86.487
1.815,0.479,0.123,3.052,-47.180,-86.792
1.713,0.369,0.219,2.380,-44.800,-85.510
1.618,0.281,0.302,-5.188,-39.673,-84.290
1.510,0.232,0.356,-14.954,-32.043,-85.327
1.409,0.152,0.398,-20.691,-21.729,-85.938
1.368,0.076,0.420,-20.142,-8.850,-85.754
1.329,0.006,0.393,-14.038,4.761,-83.984
1.295,-0.064,0.373,-1.953,19.348,-81.360
1.254,-0.155,0.311,12.512,33.203,-78.918
1.218,-0.286,0.245,27.405,43.396,-76.660
1.172,-0.417,0.157,38.025,49.500,-73.914
1.135,-0.530,0.095,41.016,52.185,-69.336
1.089,-0.624,0.035,35.828,52.673,-62.927
1.045,-0.706,0.005,22.766,50.720,-55.359
1.002,-0.725,-0.023,3.784,48.523,-47.119
0.961,-0.708,-0.070,-14.526,46.204,-38.391
0.908,-0.681,-0.115,-27.100,42.358,-30.029
0.844,-0.668,-0.129,-31.494,36.255,-21.301
0.777,-0.649,-0.128,-31.921,30.945,-11.780
0.727,-0.583,-0.129,-30.640,27.771,-0.977
0.688,-0.492,-0.161,-27.649,27.039,9.644
0.634,-0.422,-0.193,-20.996,26.306,19.104
0.591,-0.351,-0.190,-12.024,23.621,27.710
0.530,-0.313,-0.194,-4.761,19.653,35.278
0.468,-0.271,-0.184,2.014,13.550,42.297
0.417,-0.260,-0.148,9.399,6.836,50.659
0.363,-0.220,-0.129,14.648,-0.122,58.289
0.328,-0.178,-0.116,16.602,-4.089,65.002
0.316,-0.132,-0.133,13.977,-6.226,66.956
0.330,-0.107,-0.163,8.301,-9.155,64.453
0.375,-0.077,-0.180,-0.061,-13.184,59.570
0.401,-0.054,-0.194,-11.536,-18.982,52.856
0.380,-0.019,-0.195,-24.170,-28.015,45.471
0.359,0.054,-0.188,-36.987,-39.124,39.185
0.343,0.123,-0.205,-46.936,-51.941,33.997
0.315,0.150,-0.187,-50.781,-64.392,31.433
0.314,0.145,-0.133,-52.368,-73.792,32.898
0.318,0.130,-0.106,-56.519,-81.787,36.194
0.323,0.134,-0.032,-60.852,-86.975,38.635
0.344,0.116,-0.039,-65.308,-87.646,36.865
0.359,0.033,-0.040,-68.054,-87.219,32.104
0.366,-0.057,-0.014,-78.796,-87.280,28.931
0.333,-0.054,0.009,-102.478,-91.919,30.396
0.300,0.063,0.051,-132.568,-97.107,37.415
0.318,0.278,0.128,-158.386,-100.647,47.241
0.306,0.508,0.128,-173.340,-108.704,58.044
0.338,0.692,0.180,-174.500,-107.849,64.636
0.480,0.878,0.293,-166.626,-88.684,62.012
0.512,0.963,0.316,-152.283,-77.881,56.763
0.580,0.952,0.375,-134.094,-71.167,48.889
0.672,0.948,0.430,-122.559,-66.101,38.147
0.760,0.936,0.474,-116.272,-64.758,24.719
0.797,0.948,0.536,-108.704,-66.772,8.240
0.778,0.930,0.612,-93.323,-67.139,-6.531
0.753,0.859,0.652,-66.162,-62.256,-19.104
0.744,0.661,0.650,-26.062,-54.138,-28.442
0.749,0.391,0.636,16.235,-41.809,-32.776
0.747,0.146,0.607,46.021,-27.649,-30.701
0.790,-0.019,0.551,55.969,-13.794,-23.315
0.815,-0.089,0.515,47.913,-2.014,-14.282
0.817,-0.059,0.475,28.503,8.057,-6.226
0.812,0.032,0.429,7.202,18.799,-1.953
0.819,0.119,0.369,-7.019,28.503,-0.793
0.837,0.161,0.309,-11.414,36.072,-0.916
0.848,0.165,0.245,-9.216,40.283,-1.221
0.862,0.136,0.197,-4.517,41.504,-1.160
0.869,0.113,0.154,-0.366,41.992,-1.038
0.885,0.096,0.119,2.686,40.955,0.000
0.926,0.069,0.091,5.005,38.391,2.136
0.951,0.085,0.075,4.639,35.217,5.188
0.972,0.125,0.056,1.282,31.799,7.751
0.983,0.183,0.046,-1.892,27.527,9.216
0.987,0.234,0.053,-2.869,22.034,9.766
0.982,0.262,0.065,-2.075,16.479,8.667
0.976,0.264,0.081,0.122,12.085,6.714
0.966,0.251,0.092,2.563,8.789,4.761
0.972,0.236,0.104,4.700,5.981,3.357
0.969,0.232,0.126,6.836,3.784,2.380
0.952,0.232,0.157,8.850,2.319,1.648
0.954,0.233,0.186,9.949,2.136,0.671
0.957,0.236,0.199,9.705,3.357,-0.183
0.954,0.247,0.212,10.376,5.066,-0.610
0.948,0.254,0.210,12.451,6.714,-0.366
0.941,0.246,0.202,15.442,8.423,-0.671
0.937,0.219,0.191,18.127,10.742,-1.160
0.937,0.176,0.180,18.127,12.695,-1.892
0.937,0.133,0.167,15.503,14.099,-3.296
0.935,0.103,0.163,10.071,14.954,-4.089
0.938,0.102,0.159,3.662,15.808,-3.662
0.930,0.119,0.149,-1.221,16.296,-2.380
0.922,0.137,0.161,-2.991,16.113,-1.465
0.916,0.157,0.151,-2.258,16.724,-1.282
0.918,0.150,0.141,1.587,17.151,-1.282
0.920,0.117,0.147,6.836,17.151,-1.221
0.919,0.082,0.145,9.277,17.517,-0.793
0.916,0.074,0.149,7.935,18.250,0.549
0.917,0.086,0.141,3.906,19.409,1.709
0.918,0.112,0.132,-0.427,20.325,2.380
0.917,0.136,0.123,-2.930,20.935,2.991
0.919,0.149,0.108,-2.686,20.935,3.540
0.926,0.146,0.098,-0.916,20.264,4.272
0.927,0.140,0.097,1.526,19.104,4.883
0.929,0.132,0.090,2.930,18.433,5.432
0.941,0.125,0.081,4.822,18.372,5.676
0.949,0.121,0.073,6.836,17.944,6.348
0.952,0.126,0.068,7.812,16.785,7.202
0.952,0.141,0.066,7.446,15.259,7.935
0.946,0.156,0.066,6.104,13.733,8.240
0.944,0.165,0.070,5.127,12.268,7.812
0.946,0.164,0.076,4.272,11.292,6.897
0.951,0.155,0.075,3.174,10.803,6.104
0.959,0.155,0.081,2.014,10.681,5.737

1.829,0.582,-0.271,1.404,20.386,-28.992
1.896,0.593,-0.296,-3.052,31.616,-40.771
1.963,0.561,-0.342,-7.629,41.992,-49.866
1.989,0.532,-0.360,-8.789,46.204,-55.420
1.965,0.495,-0.347,-6.836,45.898,-59.326
1.884,0.439,-0.302,-2.441,43.579,-63.538
1.787,0.301,-0.256,2.197,42.175,-65.063
1.774,0.161,-0.228,0.183,45.044,-62.195
1.742,0.079,-0.248,-10.559,50.354,-57.800
1.684,0.023,-0.256,-24.353,54.260,-52.673
1.624,0.006,-0.280,-36.926,56.152,-47.485
1.556,0.031,-0.328,-43.335,55.603,-43.579
1.524,0.049,-0.369,-38.147,49.683,-42.053
1.478,0.018,-0.388,-24.597,39.551,-44.556
1.419,-0.073,-0.392,-8.606,26.917,-48.584
1.383,-0.175,-0.372,3.906,13.977,-50.171
1.318,-0.234,-0.352,10.620,3.845,-48.401
1.264,-0.260,-0.310,12.146,-2.502,-43.762
1.202,-0.283,-0.311,10.132,-6.836,-38.208
1.144,-0.304,-0.278,8.972,-12.268,-33.813
1.096,-0.328,-0.226,7.080,-16.418,-30.640
1.057,-0.374,-0.207,4.578,-19.348,-28.992
1.029,-0.448,-0.170,4.517,-23.315,-26.489
0.980,-0.469,-0.148,3.540,-26.672,-20.874
0.930,-0.455,-0.149,-1.526,-29.663,-13.794
0.883,-0.417,-0.146,-10.193,-31.738,-7.629
0.809,-0.344,-0.177,-20.935,-31.860,-2.197
0.756,-0.271,-0.209,-28.137,-32.349,1.465
0.700,-0.209,-0.240,-30.518,-33.813,5.188
0.668,-0.168,-0.255,-28.015,-37.659,8.179
0.631,-0.180,-0.231,-22.217,-42.969,9.338
0.601,-0.195,-0.203,-17.517,-47.241,9.583
0.566,-0.199,-0.180,-14.832,-49.988,10.925
0.531,-0.175,-0.145,-13.367,-52.002,12.878
0.499,-0.153,-0.158,-12.451,-52.246,13.672
0.459,-0.141,-0.162,-10.071,-52.429,14.954
0.464,-0.158,-0.169,-10.254,-53.589,18.372
0.464,-0.159,-0.168,-17.578,-54.504,23.254
0.454,-0.107,-0.197,-28.137,-55.908,28.564
0.453,-0.036,-0.225,-38.086,-59.570,32.593
0.418,0.044,-0.220,-49.011,-64.697,31.860
0.362,0.101,-0.235,-60.303,-72.205,26.611
0.307,0.104,-0.188,-67.200,-81.055,21.423
0.274,0.070,-0.165,-72.510,-88.257,17.456
0.267,0.021,-0.125,-75.378,-93.628,15.015
0.224,-0.020,-0.081,-77.148,-96.924,17.151
0.153,-0.037,-0.023,-78.735,-99.915,25.452
0.103,-0.010,0.034,-81.421,-100.403,37.292
0.047,0.040,0.058,-85.205,-100.159,48.462
0.047,0.102,0.097,-90.942,-102.417,57.251
0.084,0.181,0.146,-105.164,-108.154,62.866
0.122,0.348,0.219,-130.920,-114.502,63.904
0.171,0.617,0.296,-160.889,-117.493,62.927
0.250,0.850,0.352,-180.237,-115.051,60.852
0.341,1.030,0.429,-180.115,-106.934,55.786
0.431,1.146,0.489,-162.109,-95.642,43.518
0.501,1.149,0.516,-129.456,-83.313,26.489
0.559,0.978,0.560,-87.830,-71.533,10.132
0.614,0.735,0.632,-49.011,-62.500,-2.136
0.649,0.519,0.669,-23.743,-55.725,-9.583
0.653,0.378,0.702,-9.949,-50.232,-13.489
0.653,0.280,0.735,-1.038,-42.603,-14.404
0.646,0.208,0.735,7.507,-32.471,-13.306
0.637,0.126,0.732,17.700,-20.508,-10.986
0.645,0.042,0.706,25.513,-6.592,-6.836
0.655,-0.008,0.653,27.954,8.057,-1.770
0.676,-0.033,0.588,24.963,22.827,4.089
0.712,-0.009,0.514,18.372,36.194,9.583
0.731,0.040,0.425,11.414,47.668,12.756
0.752,0.077,0.340,9.949,56.274,14.282
0.790,0.089,0.267,13.123,60.852,15.381
0.844,0.083,0.195,16.724,61.768,16.663
0.885,0.087,0.136,17.761,58.594,18.433
0.909,0.100,0.095,15.930,52.490,20.020
0.936,0.129,0.075,11.230,45.532,21.240
0.953,0.173,0.075,5.554,38.147,21.667
0.959,0.224,0.090,1.648,31.372,21.484
0.970,0.275,0.106,1.526,26.001,20.935
0.970,0.316,0.125,5.005,21.362,20.264
0.965,0.351,0.164,11.047,18.433,18.982
0.956,0.372,0.180,17.212,17.822,16.479
0.948,0.378,0.190,22.827,18.860,14.038
0.942,0.369,0.184,26.367,21.057,11.536
0.937,0.348,0.176,25.818,22.644,8.667
0.929,0.323,0.175,21.851,24.170,5.676
0.931,0.295,0.169,15.381,26.062,2.625
0.943,0.271,0.160,8.057,27.771,0.427
0.959,0.249,0.149,1.404,29.541,-0.916
0.968,0.240,0.131,-3.113,30.884,-1.221
0.967,0.255,0.112,-4.395,31.311,-0.671
0.964,0.281,0.095,-1.831,30.701,0.183
0.968,0.290,0.078,4.395,29.175,0.122
0.965,0.291,0.069,12.024,26.917,-0.427
0.957,0.281,0.070,18.616,23.865,-0.244
0.954,0.273,0.075,23.560,20.752,0.183
0.959,0.254,0.079,26.245,18.066,-0.244
0.962,0.226,0.088,25.574,15.808,-1.038
0.965,0.204,0.096,21.301,14.038,-2.197
0.969,0.191,0.105,15.381,13.000,-3.235
0.964,0.188,0.115,9.705,12.817,-3.601
0.953,0.194,0.122,5.554,13.184,-4.272
0.944,0.197,0.131,3.723,13.794,-3.601
0.936,0.199,0.130,3.662,14.465,-2.136
0.938,0.208,0.123,4.639,14.954,-0.671
0.938,0.218,0.115,6.653,14.832,1.526
0.937,0.230,0.112,9.338,14.465,3.418
0.934,0.238,0.114,12.329,13.672,4.028
0.932,0.245,0.116,15.015,13.855,2.930
0.931,0.236,0.121,17.456,14.893,1.099
0.923,0.223,0.123,18.433,16.418,-0.610
0.914,0.225,0.110,17.944,17.883,-1.160
0.909,0.231,0.105,16.418,18.005,-1.526
0.907,0.236,0.100,14.282,17.273,-2.563
0.907,0.236,0.099,12.207,15.808,-4.028
0.920,0.211,0.108,11.841,14.771,-5.371
0.927,0.184,0.113,12.451,14.099,-5.615
0.934,0.155,0.112,12.756,13.977,-4.578
0.935,0.134,0.114,12.451,14.038,-2.625
0.916,0.134,0.118,10.986,14.038,-0.732

2.165,1.105,-0.080,23.560,-19.043,31.982
2.455,1.493,-0.133,47.607,-18.433,20.996
2.580,1.799,-0.119,72.571,-19.348,6.042
2.607,1.968,-0.083,90.271,-15.015,-19.165
2.559,1.914,-0.055,92.468,-3.357,-55.054
2.454,1.725,-0.044,79.773,13.611,-94.543
2.287,1.512,-0.107,57.922,32.166,-128.296
2.074,1.265,-0.202,41.138,44.861,-151.306
1.828,0.935,-0.262,36.987,49.194,-166.199
1.643,0.579,-0.274,36.194,47.058,-174.072
1.486,0.227,-0.284,31.860,36.316,-173.950
1.348,-0.093,-0.302,25.208,21.667,-170.166
1.281,-0.359,-0.275,16.113,7.080,-165.527
1.279,-0.510,-0.164,2.380,-4.761,-160.950
1.251,-0.646,-0.096,-12.390,-9.644,-157.654
1.184,-0.760,-0.050,-19.348,-8.179,-152.771
1.164,-0.827,0.008,-15.381,-0.488,-138.000
1.146,-0.870,0.020,-6.836,14.282,-110.657
1.140,-0.931,-0.049,-0.732,35.645,-83.008
1.158,-0.980,-0.182,-2.502,62.683,-63.599
1.200,-1.025,-0.377,-14.832,85.876,-51.819
1.247,-1.056,-0.564,-32.593,95.886,-45.166
1.259,-1.068,-0.687,-47.974,87.708,-38.879
1.194,-1.052,-0.716,-56.946,65.125,-31.189
1.058,-1.019,-0.672,-58.899,34.668,-22.827
0.926,-0.986,-0.600,-54.993,5.676,-10.864
0.785,-0.906,-0.498,-49.011,-16.541,6.836
0.649,-0.754,-0.389,-45.227,-30.029,28.687
0.530,-0.597,-0.336,-42.358,-33.264,48.645
0.436,-0.457,-0.280,-32.837,-29.175,65.247
0.401,-0.349,-0.248,-17.883,-17.883,77.576
0.369,-0.239,-0.263,-0.671,-3.540,84.961
0.305,-0.168,-0.286,18.250,5.554,89.111
0.209,-0.107,-0.270,31.616,6.714,90.820
0.169,0.047,-0.268,33.020,-2.197,91.736
-0.020,0.078,-0.363,24.780,-28.320,90.881
-0.045,0.128,-0.225,5.493,-50.659,78.369
-0.058,0.181,-0.109,-25.208,-72.510,63.660
-0.093,0.211,0.012,-58.044,-93.018,55.603
-0.093,0.266,0.102,-82.581,-105.286,51.758
-0.055,0.330,0.199,-92.590,-110.291,53.528
-0.064,0.419,0.288,-90.637,-108.643,62.927
-0.055,0.534,0.328,-78.125,-102.417,76.477
-0.023,0.612,0.324,-53.833,-95.215,89.355
-0.007,0.701,0.327,-23.132,-92.651,94.543
0.057,0.704,0.298,-0.671,-95.581,84.351
0.172,0.571,0.383,-0.244,-104.248,58.533
0.214,0.496,0.476,-30.518,-112.732,27.344
0.244,0.530,0.563,-80.811,-113.220,5.432
0.315,0.660,0.632,-126.953,-104.004,-4.272
0.436,0.797,0.674,-150.635,-88.257,-8.911
0.519,0.882,0.663,-146.423,-67.993,-11.169
0.612,0.847,0.603,-117.798,-46.021,-11.902
0.654,0.712,0.526,-75.989,-28.259,-14.893
0.677,0.501,0.481,-36.011,-16.479,-16.846
0.713,0.320,0.455,-12.695,-9.888,-16.785
0.734,0.237,0.412,-7.019,-6.348,-15.320
0.748,0.207,0.365,-10.071,-3.357,-13.184
0.756,0.200,0.316,-13.367,0.916,-12.390
0.754,0.178,0.275,-15.076,5.737,-14.343
0.787,0.123,0.227,-13.916,9.766,-17.517
0.841,0.042,0.175,-10.620,12.939,-19.958
0.862,-0.022,0.147,-7.812,14.282,-18.982
0.889,-0.071,0.130,-8.240,14.282,-14.709
0.887,-0.064,0.134,-13.000,13.611,-8.118
0.872,-0.012,0.135,-21.240,13.733,-1.282
0.863,0.065,0.130,-28.320,14.465,4.333
0.870,0.127,0.115,-30.579,15.442,7.446
0.886,0.159,0.078,-28.076,15.137,7.080
0.923,0.149,0.056,-23.804,12.817,4.456
0.929,0.140,0.043,-21.057,9.521,1.160
0.927,0.128,0.047,-18.433,5.676,-0.793
0.926,0.117,0.069,-14.587,2.197,-0.732
0.915,0.120,0.096,-10.986,-0.488,0.610
0.913,0.134,0.124,-7.690,-1.099,2.686
0.916,0.149,0.146,-4.822,-0.427,4.822
0.919,0.157,0.158,-2.197,1.221,6.958
0.929,0.152,0.155,-0.427,3.113,8.240
0.937,0.147,0.153,0.610,4.211,8.423
0.953,0.146,0.141,-0.488,4.456,8.057
0.966,0.148,0.132,-2.258,3.601,7.507
0.961,0.160,0.156,-4.333,2.075,6.897
0.958,0.191,0.168,-6.470,1.282,6.531
0.957,0.221,0.178,-7.263,2.014,5.859
0.955,0.234,0.188,-5.188,3.540,5.249
0.954,0.233,0.189,-1.099,5.432,5.249
0.954,0.213,0.183,3.113,7.935,5.127
0.955,0.182,0.181,6.531,9.949,4.761
0.950,0.151,0.176,8.179,11.658,4.700
0.951,0.125,0.174,7.019,12.695,5.188
0.950,0.117,0.169,3.418,13.489,5.798
0.954,0.127,0.154,-0.488,13.733,6.653
0.956,0.148,0.140,-2.563,12.817,7.629
0.957,0.162,0.130,-3.174,11.230,8.057
0.955,0.164,0.136,-2.625,9.644,7.385
0.942,0.167,0.150,-2.258,9.216,6.470
0.932,0.177,0.160,-1.587,10.071,5.127
0.936,0.180,0.162,1.099,12.390,3.601
0.940,0.165,0.158,5.310,15.015,2.258
0.938,0.144,0.161,9.155,17.212,2.014
0.939,0.138,0.155,10.193,18.982,2.747
0.937,0.142,0.149,9.277,20.264,4.028
0.931,0.150,0.141,7.996,21.484,4.517
0.924,0.159,0.128,6.348,22.522,4.211
0.937,0.156,0.113,4.700,23.010,3.174
0.943,0.151,0.091,2.991,22.583,1.648
0.951,0.145,0.084,2.258,21.057,0.793
0.951,0.165,0.098,2.808,19.287,0.549
0.948,0.192,0.099,4.822,18.677,0.061
0.945,0.192,0.105,10.620,19.287,-0.854
0.947,0.173,0.115,17.639,20.752,-0.977
0.946,0.154,0.108,21.729,22.400,-0.244
0.943,0.144,0.109,22.705,23.682,0.916
0.938,0.148,0.098,21.667,24.963,1.892
0.934,0.157,0.079,18.677,25.513,2.625
0.943,0.168,0.059,15.747,25.085,2.869
0.958,0.168,0.042,13.550,23.376,2.625
0.961,0.158,0.042,12.939,20.996,2.502
0.967,0.145,0.038,12.756,18.677,3.357

1.714,0.588,-0.484,65.613,-46.570,9.094
1.827,0.720,-0.506,80.322,-57.800,2.625
1.894,0.815,-0.507,91.003,-67.383,-7.507
1.931,0.834,-0.465,96.375,-73.120,-21.179
1.930,0.802,-0.398,90.393,-70.984,-34.790
1.904,0.769,-0.312,69.763,-59.509,-46.631
1.894,0.758,-0.268,37.842,-40.039,-57.129
1.889,0.743,-0.260,4.150,-18.066,-65.918
1.882,0.716,-0.286,-23.926,0.244,-72.144
1.914,0.656,-0.309,-42.175,12.756,-75.806
1.932,0.595,-0.299,-50.049,16.052,-77.576
1.868,0.507,-0.267,-48.279,9.766,-75.867
1.761,0.404,-0.212,-37.231,-2.136,-70.435
1.632,0.284,-0.109,-22.095,-15.625,-61.035
1.492,0.157,-0.020,-10.376,-26.794,-50.537
1.407,0.052,0.050,-7.324,-31.067,-40.466
1.325,0.041,0.088,-13.184,-29.724,-33.203
1.235,0.034,0.121,-20.996,-24.475,-31.738
1.206,0.002,0.140,-24.231,-14.832,-39.001
1.222,-0.092,0.109,-23.499,1.892,-53.772
1.249,-0.236,0.039,-19.775,19.348,-69.153
1.271,-0.412,-0.037,-19.958,31.982,-77.759
1.279,-0.550,-0.125,-31.250,38.513,-79.163
1.283,-0.601,-0.202,-51.941,39.063,-77.087
1.228,-0.574,-0.285,-72.205,33.936,-72.327
1.165,-0.536,-0.314,-80.322,22.827,-64.697
1.127,-0.522,-0.307,-77.087,9.399,-56.030
1.063,-0.537,-0.288,-68.542,-2.991,-47.974
0.969,-0.577,-0.260,-58.716,-14.404,-39.673
0.941,-0.609,-0.213,-54.138,-21.973,-29.602
0.931,-0.618,-0.173,-56.213,-24.780,-18.250
0.889,-0.560,-0.152,-62.805,-22.583,-5.188
0.806,-0.463,-0.125,-69.397,-16.968,8.911
0.719,-0.333,-0.121,-70.740,-10.620,22.339
0.652,-0.204,-0.138,-62.805,-3.845,33.142
0.587,-0.099,-0.191,-46.692,0.000,39.612
0.508,-0.065,-0.217,-24.353,-2.197,41.382
0.431,0.013,-0.271,-4.700,-10.559,39.917
0.397,0.049,-0.336,5.798,-24.353,33.142
0.382,0.016,-0.323,10.193,-40.710,20.325
0.344,-0.015,-0.250,4.395,-56.458,5.310
0.287,-0.046,-0.157,-11.597,-66.711,-5.859
0.250,-0.036,-0.094,-31.494,-65.369,-13.184
0.201,-0.037,-0.126,-45.471,-54.626,-16.174
0.164,-0.080,-0.106,-46.204,-42.114,-12.024
0.157,-0.164,-0.107,-41.077,-32.837,-1.343
0.122,-0.240,-0.134,-33.325,-29.114,17.029
0.045,-0.219,-0.129,-27.344,-32.166,43.335
-0.051,-0.097,-0.156,-27.222,-44.861,71.228
-0.135,0.116,-0.141,-31.982,-66.284,95.093
-0.159,0.379,-0.077,-44.617,-91.125,105.957
-0.148,0.648,0.058,-66.284,-115.234,99.854
-0.082,0.842,0.207,-91.553,-129.456,82.397
0.037,0.966,0.354,-110.779,-130.432,59.387
0.149,0.995,0.463,-118.042,-120.972,38.147
0.273,0.924,0.571,-113.953,-105.164,23.804
0.390,0.832,0.648,-106.201,-85.449,17.517
0.504,0.793,0.664,-99.731,-66.101,15.686
0.575,0.797,0.624,-91.736,-48.462,13.794
0.603,0.792,0.580,-77.148,-34.973,9.033
0.631,0.733,0.559,-55.054,-25.146,2.075
0.647,0.620,0.524,-27.954,-17.883,-5.005
0.682,0.444,0.502,0.916,-11.230,-11.169
0.718,0.238,0.481,25.452,-3.906,-13.550
0.770,0.061,0.439,38.757,4.333,-11.963
0.788,-0.035,0.407,39.917,11.047,-7.507
0.772,-0.055,0.373,32.471,15.930,-2.136
0.749,-0.024,0.350,22.766,20.386,4.272
0.745,0.015,0.323,16.052,26.184,9.521
0.755,0.036,0.289,13.367,33.386,12.451
0.784,0.049,0.247,13.062,40.466,15.686
0.813,0.075,0.188,11.902,46.326,19.287
0.847,0.111,0.135,10.437,49.683,21.423
0.876,0.140,0.085,8.667,50.415,20.752
0.896,0.158,0.046,7.202,48.950,18.860
0.922,0.165,0.018,6.104,46.143,17.212
0.938,0.173,0.000,5.249,41.931,16.113
0.948,0.183,0.000,5.188,36.377,15.930
0.954,0.206,-0.001,5.493,30.396,16.968
0.961,0.225,-0.004,7.935,24.292,18.982
0.977,0.219,-0.000,12.268,18.250,20.935
0.980,0.206,0.012,16.174,13.000,22.888
0.959,0.225,0.043,16.785,8.911,24.841
0.951,0.259,0.057,14.282,6.775,25.085
0.942,0.297,0.080,12.024,6.836,23.865
0.921,0.329,0.092,10.193,8.789,21.667
0.908,0.351,0.102,8.667,11.841,19.226
0.907,0.362,0.092,7.996,16.113,16.663
0.911,0.359,0.070,8.972,19.958,13.367
0.926,0.333,0.053,11.597,22.583,9.216
0.956,0.289,0.034,13.367,23.743,5.127
0.972,0.238,0.028,13.245,23.315,1.892
0.975,0.221,0.019,10.864,22.156,0.793
0.972,0.230,0.000,7.324,19.836,2.197
0.960,0.250,-0.003,4.822,15.808,4.395
0.943,0.269,-0.007,4.395,11.169,6.958
0.934,0.276,-0.002,6.470,6.104,9.399
0.916,0.282,0.030,10.376,1.648,11.108
0.919,0.279,0.065,15.259,-0.366,11.292
0.934,0.263,0.092,20.996,1.465,9.705
0.939,0.241,0.116,25.940,5.798,7.324
0.942,0.224,0.116,27.405,11.536,5.554
0.940,0.224,0.100,23.804,17.273,4.272
0.923,0.251,0.077,17.212,21.362,2.991
0.902,0.273,0.062,10.986,23.376,1.343
0.888,0.271,0.046,6.592,23.926,-0.427
0.910,0.233,0.036,4.211,23.682,-1.160
0.922,0.204,0.026,2.258,22.522,-0.793
0.922,0.214,0.021,0.793,20.935,1.160
0.932,0.230,0.004,0.916,18.860,3.418
0.919,0.250,-0.005,3.845,15.869,4.517
0.907,0.278,0.026,9.155,13.062,5.127
0.912,0.306,0.024,14.954,13.367,4.089
0.915,0.292,0.024,22.827,14.709,1.160
0.927,0.248,0.038,29.114,16.907,-1.038
0.943,0.205,0.025,28.687,19.165,-1.587
0.958,0.198,0.008,23.926,20.935,-1.587
0.955,0.205,-0.015,18.616,21.545,-1.709
0.957,0.211,-0.036,14.893,20.508,-1.953

1.793,0.505,-0.434,30.945,-50.171,-7.996
1.948,0.667,-0.440,17.639,-45.959,-16.418
2.107,0.807,-0.444,1.221,-38.452,-25.757
2.293,0.943,-0.455,-13.916,-30.701,-36.560
2.465,1.017,-0.455,-23.315,-27.344,-47.913
2.540,1.061,-0.428,-21.545,-31.982,-58.716
2.455,1.067,-0.337,-8.118,-44.373,-66.711
2.252,1.001,-0.213,13.611,-58.716,-72.998
2.053,0.806,-0.058,37.720,-68.909,-75.317
1.874,0.578,0.067,52.795,-71.716,-73.669
1.713,0.387,0.182,54.688,-67.688,-70.923
1.558,0.217,0.276,46.143,-58.533,-68.481
1.444,0.091,0.335,31.433,-45.227,-67.383
1.332,-0.013,0.349,14.587,-29.846,-65.918
1.243,-0.107,0.323,0.183,-12.268,-64.209
1.245,-0.168,0.239,-9.216,9.583,-64.575
1.240,-0.251,0.113,-11.597,29.602,-68.176
1.228,-0.364,0.016,-5.493,44.006,-72.754
1.199,-0.483,-0.079,1.526,50.781,-74.829
1.154,-0.607,-0.152,3.601,50.476,-71.045
1.117,-0.643,-0.193,-2.319,45.410,-61.157
1.067,-0.623,-0.242,-17.273,39.917,-48.584
1.000,-0.551,-0.283,-34.912,33.264,-38.025
0.917,-0.492,-0.290,-49.866,25.269,-30.457
0.847,-0.455,-0.272,-62.195,16.663,-26.794
0.807,-0.427,-0.228,-72.937,7.996,-24.597
0.752,-0.385,-0.185,-79.407,1.526,-22.278
0.704,-0.359,-0.147,-76.904,-2.319,-19.104
0.631,-0.341,-0.095,-65.613,-3.967,-12.451
0.558,-0.300,-0.075,-52.185,-2.869,-0.427
0.484,-0.247,-0.080,-40.894,-0.061,13.855
0.422,-0.192,-0.117,-31.616,3.601,26.978
0.416,-0.146,-0.167,-23.132,5.310,36.865
0.425,-0.082,-0.247,-19.165,2.747,41.443
0.395,-0.015,-0.328,-19.409,-6.714,37.842
0.390,0.012,-0.377,-23.010,-23.376,26.306
0.378,0.011,-0.350,-31.799,-41.443,8.301
0.316,-0.003,-0.324,-42.908,-58.105,-8.301
0.247,-0.040,-0.242,-51.270,-71.716,-16.113
0.185,-0.045,-0.177,-59.875,-80.994,-12.756
0.140,-0.032,-0.140,-66.101,-87.830,-1.953
0.080,-0.030,-0.060,-66.284,-93.750,13.489
0.002,0.033,0.007,-64.026,-99.365,32.288
0.003,0.133,0.034,-62.073,-104.858,49.194
0.020,0.239,0.042,-61.768,-110.229,57.312
0.019,0.279,0.119,-66.650,-115.356,54.077
0.025,0.278,0.164,-81.238,-116.638,44.678
0.039,0.256,0.206,-101.929,-112.732,36.682
0.078,0.267,0.263,-128.174,-105.103,33.630
0.137,0.362,0.312,-158.508,-98.083,34.729
0.200,0.554,0.355,-183.044,-92.590,37.781
0.286,0.730,0.412,-191.223,-86.426,41.138
0.388,0.855,0.475,-181.030,-78.247,43.091
0.458,0.910,0.500,-158.630,-67.627,41.870
0.527,0.898,0.514,-129.028,-56.335,36.682
0.584,0.820,0.527,-95.276,-48.340,28.992
0.626,0.700,0.559,-63.171,-43.640,20.752
0.650,0.598,0.586,-37.903,-39.978,11.475
0.662,0.490,0.591,-19.531,-35.461,2.136
0.672,0.354,0.610,-4.028,-28.625,-4.639
0.679,0.224,0.594,7.629,-19.287,-8.118
0.692,0.108,0.554,15.686,-8.118,-7.385
0.714,0.014,0.503,19.897,3.174,-3.845
0.747,-0.033,0.449,17.761,14.343,0.916
0.769,-0.032,0.384,9.155,24.353,6.836
0.786,0.009,0.322,-1.587,32.166,11.780
0.804,0.054,0.265,-9.888,37.903,15.137
0.829,0.092,0.223,-14.343,41.321,17.212
0.858,0.146,0.177,-16.418,42.969,18.616
0.864,0.206,0.127,-15.381,42.542,19.043
0.883,0.241,0.105,-8.911,39.795,18.250
0.907,0.245,0.093,0.427,35.828,17.090
0.917,0.233,0.103,9.399,31.616,16.296
0.932,0.219,0.111,14.465,27.832,16.541
0.951,0.209,0.123,14.099,25.330,16.724
0.965,0.222,0.136,9.155,23.193,16.724
0.977,0.258,0.132,2.747,21.301,17.090
0.990,0.299,0.127,-1.282,18.921,17.273
0.989,0.344,0.120,-2.197,15.747,17.334
0.977,0.391,0.132,-0.183,12.207,17.029
0.967,0.429,0.133,4.456,10.132,14.709
0.954,0.431,0.146,12.024,9.460,10.498
0.955,0.392,0.167,18.860,10.315,5.615
0.954,0.340,0.168,20.813,12.268,1.099
0.954,0.298,0.168,18.555,14.526,-1.221
0.954,0.274,0.160,13.672,16.479,-2.136
0.948,0.267,0.149,8.240,17.578,-2.686
0.950,0.251,0.139,4.456,17.761,-3.296
0.948,0.231,0.135,1.526,17.334,-3.601
0.940,0.217,0.137,-1.892,16.968,-3.235
0.931,0.220,0.132,-4.700,16.357,-1.892
0.916,0.239,0.125,-4.883,15.808,-0.549
0.913,0.261,0.113,-2.136,14.282,0.610
0.924,0.257,0.101,4.456,12.085,1.160
0.950,0.220,0.110,12.146,8.789,1.099
0.943,0.188,0.125,16.113,5.981,0.977
0.929,0.172,0.146,15.381,4.028,1.587
0.922,0.176,0.166,11.353,3.601,2.808
0.907,0.200,0.175,5.615,3.479,3.723
0.901,0.231,0.186,1.648,3.784,4.395
0.885,0.260,0.180,1.160,3.906,5.371
0.873,0.273,0.186,4.333,3.479,6.409
0.865,0.295,0.218,8.484,3.418,6.470
0.871,0.306,0.227,12.817,5.859,3.296
0.873,0.276,0.240,18.494,10.864,-0.854
0.876,0.221,0.247,20.935,17.334,-4.150
0.881,0.194,0.223,15.503,24.109,-6.348
0.877,0.220,0.191,6.104,29.541,-6.653
0.863,0.267,0.152,-1.465,32.349,-6.531
0.865,0.297,0.124,-4.150,32.898,-7.080
0.882,0.285,0.102,-1.282,31.494,-8.362
0.900,0.239,0.100,4.578,28.503,-9.155
0.921,0.177,0.108,9.583,26.245,-8.728
0.925,0.136,0.110,11.597,24.841,-6.409
0.924,0.139,0.117,9.827,24.170,-3.113
0.923,0.166,0.092,6.287,24.475,-0.977
0.907,0.197,0.073,5.493,23.804,1.038
0.890,0.219,0.070,8.545,21.973,2.808
0.894,0.217,0.071,12.451,19.958,4.028

1.972,0.657,-0.580,-7.629,-22.278,-6.226
2.241,0.790,-0.634,-9.277,-19.775,-18.982
2.486,0.895,-0.674,-7.385,-19.531,-32.715
2.650,0.976,-0.680,-3.906,-21.057,-46.875
2.686,1.052,-0.656,0.854,-23.193,-61.340
2.558,1.104,-0.573,9.094,-26.794,-74.707
2.350,1.077,-0.469,19.897,-30.884,-85.571
2.164,0.964,-0.315,29.968,-33.325,-91.431
1.956,0.837,-0.172,33.264,-32.410,-95.337
1.752,0.708,-0.036,31.494,-27.283,-98.206
1.610,0.565,0.072,27.405,-17.578,-99.060
1.495,0.424,0.094,21.667,-6.104,-99.609
1.355,0.264,0.087,18.921,2.502,-102.295
1.248,0.085,0.090,18.127,10.132,-107.666
1.183,-0.077,0.056,15.381,20.386,-114.868
1.108,-0.230,-0.008,14.160,29.053,-121.094
1.050,-0.382,-0.069,19.409,35.034,-124.146
1.013,-0.550,-0.082,27.527,37.720,-123.474
0.999,-0.732,-0.139,31.738,40.161,-119.751
0.963,-0.875,-0.175,30.090,38.818,-109.802
0.944,-0.965,-0.160,21.606,34.973,-92.590
0.905,-0.952,-0.155,2.197,34.363,-70.679
0.830,-0.853,-0.195,-22.095,36.987,-49.866
0.749,-0.737,-0.232,-41.077,38.208,-33.752
0.682,-0.638,-0.272,-51.514,36.804,-22.888
0.625,-0.593,-0.319,-54.565,32.654,-16.418
0.555,-0.592,-0.307,-51.025,25.940,-12.207
0.460,-0.565,-0.293,-47.913,18.738,-8.240
0.390,-0.559,-0.266,-45.715,12.390,-1.526
0.345,-0.526,-0.244,-42.847,7.019,6.470
0.323,-0.501,-0.239,-37.781,3.479,16.846
0.306,-0.459,-0.225,-29.114,0.122,28.198
0.255,-0.422,-0.197,-18.738,-4.089,42.358
0.244,-0.358,-0.188,-7.690,-8.728,60.547
0.219,-0.225,-0.196,1.221,-15.198,78.369
0.213,-0.076,-0.238,7.507,-24.475,91.492
0.199,0.048,-0.257,11.108,-39.673,92.346
0.189,0.111,-0.211,10.193,-59.387,82.214
0.218,0.115,-0.189,2.197,-77.026,67.383
0.214,0.095,-0.135,-11.536,-90.698,51.208
0.183,0.089,-0.044,-30.823,-97.961,37.781
0.179,0.107,-0.025,-52.246,-96.130,28.625
0.213,0.113,-0.009,-67.993,-88.989,25.940
0.254,0.098,0.012,-76.599,-81.421,28.931
0.280,0.093,0.025,-81.055,-77.087,34.607
0.307,0.105,0.038,-81.543,-77.148,41.626
0.340,0.149,0.047,-78.003,-80.688,47.424
0.353,0.206,0.062,-72.937,-86.975,48.340
0.378,0.211,0.114,-69.397,-93.994,45.410
0.368,0.242,0.189,-69.580,-95.825,40.405
0.417,0.259,0.234,-73.486,-87.952,34.790
0.609,0.282,0.349,-78.247,-76.843,30.701
0.428,0.164,0.070,-82.214,-81.543,30.212
0.545,0.125,0.092,-86.731,-62.012,26.733
0.695,0.132,0.151,-95.337,-37.781,24.597
0.682,0.173,0.177,-101.013,-34.241,26.550
0.691,0.244,0.217,-100.647,-35.339,33.142
0.722,0.320,0.226,-93.323,-33.142,41.199
0.717,0.377,0.230,-80.811,-30.640,46.631
0.712,0.425,0.223,-66.589,-27.222,48.645
0.718,0.437,0.225,-53.528,-23.315,46.082
0.742,0.428,0.219,-42.236,-19.409,38.208
0.785,0.375,0.227,-31.860,-15.320,28.687
0.819,0.304,0.242,-24.475,-11.414,20.569
0.840,0.253,0.249,-20.874,-6.897,15.625
0.848,0.222,0.238,-20.203,-1.282,13.672
0.858,0.201,0.216,-20.325,5.005,12.573
0.865,0.183,0.176,-20.264,10.620,11.719
0.884,0.164,0.133,-19.287,14.404,11.292
0.898,0.144,0.115,-18.860,15.930,11.047
0.905,0.140,0.107,-19.592,16.174,11.719
0.925,0.150,0.107,-21.057,16.785,12.512
0.942,0.173,0.103,-21.362,17.639,13.245
0.950,0.197,0.094,-19.592,18.677,13.611
0.960,0.214,0.073,-15.930,19.958,14.221
0.984,0.225,0.036,-11.658,21.179,14.771
1.000,0.224,-0.005,-7.385,21.057,13.672
1.014,0.214,-0.028,-4.089,18.677,11.658
1.026,0.204,-0.043,-2.747,14.771,9.338
1.036,0.191,-0.034,-2.686,10.193,7.446
1.037,0.193,-0.018,-3.296,5.981,6.775
1.039,0.206,-0.009,-4.272,2.380,6.775
1.036,0.215,0.001,-4.822,-0.427,6.653
1.028,0.213,0.016,-4.333,-2.563,6.653
1.016,0.210,0.042,-3.662,-4.272,7.019
1.001,0.223,0.060,-3.601,-4.517,7.507
0.993,0.233,0.065,-2.502,-3.296,7.507
0.988,0.227,0.072,-0.793,-1.465,6.836
0.987,0.219,0.069,0.122,0.427,5.676
0.987,0.221,0.064,-0.732,1.526,4.761
0.995,0.225,0.055,-1.892,2.075,3.906
0.999,0.230,0.044,-1.953,1.709,2.930
0.989,0.228,0.045,-1.038,0.244,1.831
0.990,0.211,0.049,-0.793,-1.160,0.427
0.988,0.190,0.057,-2.441,-2.014,-0.916
0.976,0.180,0.063,-5.310,-2.563,-1.526
0.973,0.171,0.067,-7.019,-2.563,-1.526
0.971,0.158,0.076,-7.324,-2.686,-1.160
0.965,0.152,0.087,-7.080,-2.380,-0.916
0.961,0.144,0.095,-6.470,-1.709,-0.793
0.955,0.133,0.113,-6.226,-0.977,-0.549
0.954,0.144,0.123,-8.118,0.793,-0.122
0.951,0.173,0.111,-10.437,3.662,-0.122
0.956,0.191,0.091,-9.888,5.859,0.061
0.958,0.194,0.072,-7.141,6.592,0.305
0.955,0.195,0.063,-4.333,5.371,0.366
0.955,0.192,0.067,-2.930,3.357,-0.061
0.953,0.181,0.077,-3.601,1.465,-0.854
0.954,0.169,0.091,-5.005,0.671,-1.160
0.964,0.160,0.104,-6.348,0.916,-0.854
0.964,0.165,0.114,-7.568,2.197,0.183
0.961,0.181,0.110,-7.874,4.333,1.404
0.960,0.197,0.107,-6.348,6.348,2.502
0.958,0.201,0.094,-3.967,8.057,2.930
0.960,0.197,0.087,-1.221,9.094,2.930
0.958,0.201,0.072,0.732,9.583,3.052
0.962,0.205,0.062,1.953,8.728,2.991
0.961,0.201,0.064,2.625,7.385,2.441
0.965,0.195,0.069,3.052,6.042,1.892

1.804,0.610,-0.500,4.578,-37.903,-7.874
1.913,0.738,-0.516,6.592,-43.274,-17.822
2.005,0.833,-0.509,9.399,-48.523,-29.602
2.058,0.878,-0.482,13.489,-52.612,-42.786
2.122,0.855,-0.413,17.944,-54.260,-56.702
2.168,0.778,-0.339,20.203,-54.749,-68.970
2.174,0.679,-0.240,20.386,-54.443,-77.271
2.104,0.620,-0.111,16.907,-52.429,-81.787
1.982,0.583,-0.014,9.705,-46.204,-83.008
1.862,0.505,0.051,1.282,-34.363,-79.712
1.760,0.420,0.090,-11.169,-18.127,-74.524
1.651,0.355,0.093,-30.762,-0.305,-69.336
1.559,0.298,0.047,-51.880,17.639,-66.284
1.499,0.248,-0.018,-67.444,31.982,-65.796
1.467,0.200,-0.089,-73.303,38.452,-69.946
1.438,0.145,-0.109,-65.308,36.072,-77.820
1.368,0.092,-0.117,-47.180,29.846,-86.609
1.286,-0.008,-0.104,-24.475,22.400,-94.666
1.202,-0.132,-0.082,-3.357,17.395,-99.243
1.138,-0.254,-0.077,9.888,15.686,-99.121
1.099,-0.378,-0.105,14.526,15.137,-95.093
1.041,-0.461,-0.136,11.841,11.475,-87.708
1.001,-0.522,-0.139,6.714,3.296,-78.430
0.993,-0.571,-0.083,0.977,-5.005,-67.566
0.923,-0.572,-0.030,-6.104,-11.108,-58.472
0.840,-0.576,-0.003,-10.010,-13.184,-50.110
0.776,-0.559,0.004,-11.292,-12.085,-40.161
0.698,-0.512,-0.011,-14.526,-9.583,-28.809
0.610,-0.437,-0.049,-17.944,-6.409,-16.541
0.519,-0.321,-0.060,-18.250,-6.104,-5.920
0.471,-0.207,-0.103,-15.503,-7.507,0.793
0.412,-0.174,-0.124,-8.545,-11.658,2.563
0.387,-0.185,-0.109,-2.075,-18.555,-0.427
0.389,-0.248,-0.112,-2.625,-25.696,-5.127
0.390,-0.307,-0.098,-9.033,-31.006,-8.057
0.379,-0.318,-0.061,-20.264,-33.813,-6.836
0.380,-0.279,-0.069,-31.860,-31.738,-2.502
0.368,-0.239,-0.087,-35.034,-27.161,5.981
0.343,-0.208,-0.066,-29.114,-23.499,23.193
0.328,-0.126,-0.077,-22.461,-22.095,46.082
0.319,0.045,-0.163,-17.273,-26.062,67.200
0.297,0.237,-0.245,-11.475,-39.673,76.538
0.268,0.311,-0.230,-9.399,-61.462,68.359
0.239,0.308,-0.161,-18.066,-84.106,45.105
0.183,0.257,-0.057,-34.180,-101.563,19.714
0.144,0.182,0.055,-51.880,-111.084,0.916
0.163,0.118,0.133,-67.993,-113.159,-8.667
0.224,0.076,0.193,-77.087,-112.244,-8.057
0.269,0.074,0.255,-79.102,-108.459,2.197
0.315,0.116,0.288,-75.745,-102.295,18.188
0.335,0.151,0.308,-65.186,-96.313,33.386
0.328,0.157,0.352,-49.805,-90.027,44.312
0.344,0.132,0.377,-38.330,-82.458,50.110
0.372,0.128,0.406,-38.513,-75.134,51.208
0.445,0.169,0.449,-56.274,-67.810,47.668
0.492,0.291,0.462,-87.097,-58.350,40.833
0.558,0.422,0.469,-112.610,-46.997,34.180
0.637,0.528,0.452,-122.437,-34.363,28.442
0.700,0.586,0.422,-115.906,-23.621,22.034
0.751,0.562,0.404,-95.520,-16.357,15.320
0.784,0.486,0.396,-69.580,-12.451,8.789
0.782,0.382,0.381,-46.631,-9.521,3.967
0.782,0.277,0.374,-30.823,-5.859,1.038
0.783,0.193,0.359,-23.132,-2.319,-0.549
0.778,0.134,0.337,-23.193,1.343,-1.526
0.777,0.091,0.322,-26.428,4.761,-2.502
0.791,0.041,0.305,-29.358,7.629,-3.540
0.795,0.000,0.297,-32.043,10.376,-4.211
0.816,-0.035,0.288,-34.424,13.550,-3.479
0.854,-0.052,0.274,-35.645,16.846,-1.221
0.880,-0.021,0.248,-36.011,19.470,2.563
0.887,0.030,0.222,-34.058,20.508,8.057
0.899,0.082,0.223,-30.029,20.691,13.489
0.911,0.146,0.196,-27.222,21.423,17.273
0.933,0.200,0.156,-24.841,20.752,18.494
0.954,0.234,0.131,-21.179,18.250,17.517
0.957,0.247,0.103,-17.029,14.343,14.954
0.957,0.240,0.094,-10.803,9.521,11.414
0.961,0.206,0.096,-3.296,5.676,8.057
0.969,0.148,0.099,2.869,2.930,5.310
0.973,0.089,0.117,5.981,0.549,4.028
0.984,0.060,0.133,4.395,-0.916,4.822
0.989,0.063,0.147,-0.671,-1.343,6.653
0.991,0.088,0.160,-5.432,-1.282,8.545
0.993,0.127,0.163,-8.423,-0.977,10.559
0.990,0.172,0.157,-9.766,-0.854,12.024
0.982,0.204,0.157,-9.033,-1.404,11.841
0.974,0.224,0.161,-7.751,-1.953,10.376
0.966,0.222,0.171,-6.958,-2.563,8.057
0.958,0.210,0.189,-6.592,-2.930,5.798
0.962,0.191,0.197,-7.263,-2.625,4.028
0.969,0.178,0.208,-8.850,-2.197,3.174
0.965,0.176,0.218,-11.047,-1.709,3.235
0.965,0.187,0.227,-12.634,-1.282,3.967
0.956,0.202,0.228,-12.695,-0.732,5.127
0.939,0.213,0.236,-10.620,0.000,5.859
0.924,0.217,0.241,-7.996,1.770,5.432
0.915,0.209,0.237,-6.775,3.967,3.784
0.912,0.184,0.236,-7.080,6.348,1.038
0.920,0.162,0.230,-9.766,8.850,-1.038
0.929,0.151,0.209,-12.573,10.620,-1.709
0.937,0.138,0.202,-12.695,10.681,-1.648
0.938,0.123,0.201,-11.169,9.888,-1.282
0.938,0.114,0.202,-10.010,9.094,-0.244
0.933,0.118,0.199,-8.667,8.545,1.831
0.928,0.128,0.192,-7.019,8.057,3.784
0.922,0.134,0.190,-4.700,7.263,5.188
0.920,0.132,0.191,-2.686,7.019,5.981
0.920,0.129,0.194,-1.587,7.263,6.104
0.927,0.126,0.200,-1.831,7.751,5.676
0.932,0.127,0.205,-3.052,8.545,5.554
0.942,0.147,0.192,-5.005,9.460,5.798
0.952,0.172,0.182,-5.981,9.521,6.226
0.953,0.186,0.174,-5.859,8.911,5.981
0.951,0.187,0.167,-5.310,7.690,5.493
0.946,0.181,0.166,-4.517,6.165,5.493
0.938,0.175,0.171,-3.296,5.005,5.920
0.929,0.172,0.180,-2.747,4.211,6.470
0.929,0.164,0.184,-2.258,4.150,6.958

1.988,0.827,-0.368,-23.804,-20.081,-20.813
2.223,1.098,-0.461,-7.507,-32.715,-30.762
2.559,1.410,-0.500,28.198,-53.345,-44.128
2.638,1.492,-0.460,84.167,-89.294,-63.721
2.519,1.301,-0.246,139.526,-121.460,-90.698
2.360,0.978,0.066,161.743,-132.019,-117.126
2.230,0.751,0.372,132.751,-113.647,-134.583
2.081,0.723,0.583,62.866,-71.167,-144.226
1.860,0.769,0.618,-19.897,-17.273,-152.710
1.711,0.856,0.541,-90.027,33.508,-164.185
1.661,0.863,0.431,-127.808,68.359,-178.772
1.572,0.747,0.341,-131.042,79.773,-191.467
1.442,0.495,0.315,-107.239,76.355,-197.754
1.273,0.164,0.311,-67.444,65.979,-196.289
1.140,-0.156,0.288,-28.687,62.195,-187.927
1.085,-0.409,0.213,-0.610,58.472,-172.058
1.041,-0.591,0.139,15.869,52.185,-150.330
0.972,-0.708,0.075,21.851,51.147,-130.798
0.928,-0.810,-0.005,18.738,61.584,-119.385
0.923,-0.902,-0.128,13.123,73.181,-112.854
0.940,-1.023,-0.236,7.141,80.994,-106.201
0.947,-1.103,-0.344,-2.808,81.421,-99.182
0.919,-1.148,-0.429,-12.939,72.693,-89.539
0.862,-1.173,-0.424,-18.127,55.481,-75.500
0.787,-1.154,-0.379,-20.569,35.034,-58.228
0.730,-1.101,-0.271,-24.658,18.372,-39.856
0.666,-1.011,-0.201,-31.982,10.498,-23.499
0.599,-0.925,-0.138,-38.635,9.033,-8.118
0.553,-0.834,-0.106,-44.861,12.451,7.446
0.480,-0.724,-0.084,-49.316,16.113,24.780
0.411,-0.583,-0.055,-50.293,18.066,42.053
0.365,-0.417,-0.056,-44.434,20.508,58.289
0.327,-0.250,-0.056,-29.114,18.616,72.083
0.307,-0.134,-0.064,-10.986,12.573,78.003
0.343,-0.044,-0.093,4.272,1.709,74.768
0.335,-0.003,-0.065,15.442,-13.367,65.674
0.310,-0.000,-0.008,19.714,-28.137,54.871
0.302,0.013,0.061,17.029,-37.720,47.302
0.298,0.025,0.095,7.690,-39.795,44.495
0.309,0.076,0.115,-3.296,-33.936,46.143
0.320,0.122,0.089,-11.353,-23.193,49.500
0.347,0.134,0.075,-12.756,-12.390,53.711
0.401,0.108,0.058,-9.033,-4.700,59.082
0.387,0.131,0.029,-6.897,-2.258,63.110
0.413,0.184,-0.090,-8.850,-6.042,60.059
0.472,0.157,-0.192,-15.442,-16.724,44.739
0.497,0.068,-0.246,-28.320,-32.227,23.193
0.600,0.016,-0.123,-47.913,-48.218,4.944
0.490,-0.040,-0.157,-73.364,-71.228,-2.136
0.430,-0.104,-0.147,-91.309,-85.449,-4.272
0.465,-0.080,-0.064,-100.281,-68.848,-5.432
0.480,-0.053,0.010,-102.478,-58.655,-0.122
0.469,-0.023,0.050,-95.581,-60.181,12.085
0.459,0.028,0.107,-81.421,-65.002,28.992
0.464,0.081,0.157,-63.232,-67.444,46.021
0.462,0.142,0.180,-44.617,-65.430,56.702
0.479,0.152,0.195,-32.349,-60.181,58.350
0.523,0.096,0.234,-32.959,-55.054,53.894
0.575,0.115,0.289,-49.866,-51.331,46.753
0.600,0.244,0.308,-75.073,-47.424,41.077
0.648,0.417,0.325,-91.614,-40.527,38.940
0.723,0.539,0.300,-91.614,-30.701,37.354
0.773,0.594,0.266,-77.820,-21.484,34.058
0.800,0.544,0.220,-56.091,-14.587,28.259
0.826,0.410,0.174,-34.241,-9.583,22.095
0.848,0.236,0.166,-20.752,-7.385,16.235
0.868,0.102,0.167,-20.874,-6.775,11.414
0.864,0.058,0.182,-30.823,-7.080,8.972
0.855,0.089,0.201,-44.067,-6.836,8.911
0.848,0.140,0.208,-51.758,-5.066,10.681
0.840,0.188,0.208,-50.964,-2.197,14.099
0.821,0.225,0.206,-43.640,0.305,16.785
0.817,0.242,0.197,-32.043,4.761,16.479
0.830,0.198,0.182,-17.883,9.766,12.695
0.850,0.112,0.173,-6.226,14.282,8.606
0.870,0.031,0.149,-1.709,18.372,6.653
0.896,0.001,0.125,-4.517,21.790,7.507
0.906,0.015,0.100,-10.803,24.170,9.399
0.911,0.044,0.080,-15.869,25.024,10.620
0.923,0.070,0.073,-18.738,24.170,11.108
0.933,0.108,0.046,-21.301,22.522,10.925
0.955,0.130,0.040,-20.935,19.104,10.620
0.961,0.155,0.048,-17.517,15.686,10.193
0.950,0.178,0.061,-11.047,13.062,9.216
0.956,0.172,0.077,-2.075,12.451,7.263
0.966,0.140,0.079,6.592,13.916,5.310
0.972,0.099,0.075,11.719,16.174,4.517
0.981,0.067,0.072,11.353,17.700,4.578
0.980,0.078,0.073,5.554,18.066,4.944
0.974,0.117,0.067,-1.526,18.188,5.066
0.977,0.150,0.049,-5.493,18.250,4.395
0.990,0.148,0.044,-5.127,17.456,3.174
1.000,0.134,0.052,-3.296,16.296,1.465
0.995,0.118,0.053,-0.977,15.198,-0.061
0.998,0.089,0.062,2.441,14.771,-0.061
0.996,0.071,0.073,5.066,15.381,0.610
0.987,0.074,0.071,5.493,16.602,1.587
0.982,0.089,0.064,4.517,17.761,2.747
0.979,0.107,0.049,3.174,18.738,3.540
0.974,0.117,0.045,2.625,18.860,3.906
0.969,0.119,0.040,2.686,17.822,3.967
0.980,0.107,0.039,2.869,16.174,3.540
0.978,0.095,0.046,2.747,14.282,2.991
0.967,0.102,0.053,2.808,13.000,2.686
0.964,0.109,0.051,4.395,12.573,2.563
0.951,0.110,0.056,7.874,12.390,2.014
0.939,0.103,0.057,11.169,12.573,1.343
0.941,0.081,0.061,13.489,12.939,1.343
0.949,0.056,0.062,13.855,13.611,1.648
0.946,0.037,0.065,12.268,14.038,2.136
0.947,0.030,0.071,9.155,14.893,3.235
0.949,0.035,0.068,5.554,15.564,4.700
0.952,0.053,0.058,2.380,15.808,6.104
0.949,0.082,0.037,1.160,14.832,8.057
0.943,0.109,0.037,2.380,12.817,10.925
0.932,0.144,0.037,4.883,10.803,12.512
0.929,0.161,0.046,8.118,10.010,11.230
0.928,0.148,0.057,12.878,10.864,8.118
0.927,0.112,0.073,16.846,13.123,5.127

2.062,0.935,-0.028,18.250,-14.771,-21.851
2.232,1.066,0.035,48.035,-26.062,-34.363
2.390,1.072,0.139,78.186,-33.936,-49.377
2.470,0.960,0.252,94.727,-32.715,-62.012
2.457,0.865,0.366,87.219,-19.592,-71.106
2.390,0.829,0.458,53.650,2.869,-75.073
2.307,0.858,0.485,3.845,31.433,-75.928
2.245,0.920,0.470,-49.805,61.035,-80.811
2.126,0.971,0.384,-98.022,83.313,-90.332
1.997,1.036,0.324,-128.723,94.788,-105.896
1.820,0.989,0.281,-133.179,95.642,-121.521
1.655,0.846,0.203,-111.816,84.717,-132.507
1.548,0.580,0.202,-75.684,73.364,-138.123
1.425,0.313,0.170,-40.588,61.707,-137.268
1.360,0.078,0.161,-17.029,54.749,-130.859
1.288,-0.117,0.108,-5.554,52.734,-124.573
1.212,-0.275,0.048,-1.892,57.556,-124.207
1.141,-0.446,-0.036,-2.014,65.613,-128.235
1.083,-0.643,-0.115,-3.113,71.899,-133.118
1.054,-0.845,-0.195,-9.277,77.026,-135.925
1.033,-1.022,-0.279,-22.461,79.895,-132.263
1.021,-1.128,-0.366,-41.687,79.102,-119.141
1.008,-1.100,-0.433,-65.369,73.303,-96.375
0.976,-0.961,-0.472,-89.905,64.819,-70.313
0.896,-0.752,-0.512,-106.750,53.223,-48.523
0.804,-0.636,-0.536,-108.276,39.307,-33.203
0.730,-0.594,-0.545,-100.525,25.391,-23.315
0.633,-0.556,-0.563,-94.788,11.353,-16.174
0.506,-0.497,-0.527,-92.957,-4.517,-8.362
0.420,-0.422,-0.445,-92.834,-21.484,-0.854
0.319,-0.326,-0.346,-90.881,-34.180,5.432
0.227,-0.257,-0.261,-80.688,-42.786,13.550
0.202,-0.254,-0.146,-62.988,-48.706,27.100
0.122,-0.226,-0.082,-49.072,-52.612,44.495
0.067,-0.128,-0.027,-43.579,-53.650,64.392
0.006,0.001,-0.015,-41.809,-53.040,83.374
-0.103,0.233,-0.030,-39.001,-54.138,99.121
-0.198,0.505,-0.085,-39.490,-59.692,103.638
-0.197,0.633,-0.154,-44.006,-71.594,89.722
-0.155,0.616,-0.141,-50.659,-88.135,62.134
-0.162,0.535,-0.075,-63.660,-105.042,33.569
-0.165,0.471,0.018,-82.092,-118.347,14.709
-0.117,0.417,0.106,-99.182,-123.413,6.897
-0.071,0.372,0.204,-106.140,-123.535,4.883
-0.045,0.307,0.293,-102.295,-120.605,7.019
-0.045,0.194,0.384,-91.492,-117.188,13.611
-0.026,0.098,0.495,-82.214,-110.901,24.536
0.031,0.067,0.564,-83.557,-100.647,37.964
0.123,0.144,0.591,-92.834,-87.585,49.988
0.269,0.345,0.582,-103.149,-74.951,57.007
0.316,0.524,0.519,-110.229,-70.129,58.289
0.385,0.681,0.531,-110.962,-63.477,51.758
0.530,0.815,0.559,-105.469,-44.250,38.879
0.582,0.814,0.572,-87.830,-31.555,22.644
0.627,0.693,0.596,-58.044,-21.118,5.432
0.695,0.485,0.589,-25.330,-10.254,-5.920
0.747,0.296,0.555,-1.282,-1.099,-10.925
0.768,0.184,0.480,11.108,6.409,-11.902
0.771,0.105,0.405,18.005,13.000,-9.583
0.769,0.044,0.337,23.010,18.005,-6.226
0.772,-0.013,0.291,25.391,21.606,-2.930
0.790,-0.058,0.255,23.621,24.597,0.000
0.812,-0.076,0.226,17.273,26.184,3.967
0.835,-0.056,0.219,8.362,26.794,8.789
0.854,-0.002,0.219,-0.366,28.320,12.634
0.865,0.067,0.205,-5.615,31.128,14.954
0.880,0.124,0.176,-5.554,33.997,17.700
0.910,0.158,0.149,-1.770,35.461,19.775
0.929,0.184,0.116,2.441,35.828,19.836
0.949,0.194,0.088,5.554,34.790,18.494
0.979,0.183,0.065,7.324,32.898,17.212
0.998,0.183,0.037,5.371,29.846,15.808
1.007,0.201,0.025,0.854,25.330,14.038
1.025,0.213,0.030,-4.456,19.958,12.207
1.034,0.228,0.034,-7.812,14.587,10.071
1.037,0.238,0.042,-7.690,9.583,9.033
1.010,0.264,0.075,-4.028,5.249,8.362
0.998,0.290,0.097,1.892,3.052,6.714
0.991,0.281,0.102,10.925,2.197,3.723
0.974,0.226,0.128,20.935,1.892,1.953
0.966,0.177,0.135,23.743,2.136,1.648
0.958,0.147,0.142,20.752,2.380,1.770
0.953,0.129,0.151,15.076,2.319,1.526
0.959,0.115,0.161,7.874,2.502,0.671
0.956,0.120,0.158,0.854,2.991,0.122
0.962,0.128,0.152,-3.174,3.235,1.221
0.958,0.139,0.156,-3.601,2.991,3.052
0.950,0.156,0.153,-1.831,2.747,4.333
0.937,0.164,0.168,2.197,3.113,5.127
0.943,0.152,0.170,6.470,4.333,5.066
0.951,0.129,0.175,9.644,6.470,4.883
0.966,0.120,0.168,9.155,8.545,5.493
0.976,0.135,0.155,5.920,9.399,6.165
0.982,0.147,0.152,2.930,9.277,6.226
0.978,0.161,0.143,0.000,9.033,5.676
0.981,0.170,0.137,-2.563,8.179,5.493
0.977,0.168,0.134,-4.944,6.836,5.493
0.969,0.172,0.141,-6.775,5.188,5.859
0.960,0.183,0.159,-7.629,4.028,6.042
0.953,0.205,0.169,-6.714,4.272,5.432
0.953,0.203,0.173,-2.380,5.859,3.784
0.959,0.175,0.181,3.540,7.812,2.930
0.959,0.164,0.169,6.104,9.399,3.418
0.956,0.177,0.157,5.920,10.315,4.822
0.953,0.192,0.145,5.188,10.254,5.188
0.954,0.193,0.133,4.578,9.216,4.456
0.961,0.172,0.130,4.150,7.690,3.418
0.970,0.144,0.135,3.113,5.676,2.502
0.969,0.122,0.147,0.916,4.333,2.441
0.963,0.118,0.161,-2.563,3.235,3.296
0.958,0.140,0.169,-5.493,3.113,4.639
0.947,0.177,0.165,-5.554,3.662,5.920
0.942,0.203,0.160,-1.648,3.967,6.592
0.938,0.200,0.155,4.700,3.662,6.714
0.939,0.177,0.161,10.681,3.113,6.958
0.944,0.154,0.171,13.428,2.441,7.324
0.944,0.143,0.176,13.367,2.869,7.202
0.944,0.135,0.177,11.780,3.784,6.836
0.943,0.136,0.171,9.583,4.639,6.958

1.727,0.898,0.145,47.668,-25.085,-28.931
1.713,0.899,0.208,49.683,-22.522,-35.217
1.719,0.879,0.279,42.480,-14.893,-41.931
1.731,0.895,0.294,27.344,-4.089,-49.255
1.719,0.865,0.281,9.766,8.667,-56.824
1.734,0.828,0.224,-5.859,21.240,-63.293
1.816,0.714,0.139,-15.991,31.311,-68.604
1.881,0.641,0.079,-18.738,33.508,-70.984
1.840,0.587,0.054,-18.860,28.381,-72.632
1.734,0.530,0.082,-14.587,19.775,-72.144
1.643,0.435,0.124,-7.568,14.343,-70.801
1.559,0.361,0.146,-3.845,12.390,-62.866
1.397,0.265,0.187,-3.784,10.010,-50.842
1.401,0.210,0.265,-10.925,21.240,-41.870
1.288,0.208,0.169,-25.818,22.522,-31.555
1.273,0.187,0.176,-40.527,33.569,-26.428
1.240,0.199,0.089,-53.162,43.762,-29.602
1.287,0.183,0.040,-61.768,54.382,-38.147
1.316,0.194,-0.010,-63.965,60.669,-48.706
1.322,0.205,0.004,-58.838,59.326,-59.875
1.284,0.145,-0.014,-46.753,54.993,-70.618
1.271,0.023,0.022,-30.518,52.124,-78.857
1.253,-0.111,0.032,-19.592,52.429,-83.801
1.219,-0.245,0.017,-18.066,53.772,-84.167
1.215,-0.336,0.007,-26.733,55.298,-78.918
1.232,-0.345,-0.025,-45.410,55.969,-69.885
1.189,-0.288,-0.065,-65.552,52.734,-60.547
1.146,-0.227,-0.080,-76.965,43.884,-54.321
1.101,-0.201,-0.034,-78.613,31.128,-50.903
1.026,-0.203,0.004,-73.975,20.508,-48.340
0.949,-0.235,0.022,-66.711,14.404,-45.532
0.903,-0.250,-0.024,-59.387,13.550,-41.809
0.880,-0.261,-0.089,-53.589,15.930,-36.682
0.897,-0.293,-0.190,-48.584,20.325,-33.630
0.909,-0.325,-0.282,-41.077,23.743,-33.142
0.920,-0.342,-0.371,-34.790,23.560,-34.485
0.889,-0.392,-0.464,-32.959,16.418,-38.086
0.791,-0.439,-0.456,-33.875,1.770,-38.696
0.689,-0.475,-0.432,-39.063,-15.381,-32.898
0.616,-0.506,-0.356,-46.936,-32.043,-19.958
0.562,-0.480,-0.261,-57.434,-42.664,-1.587
0.523,-0.407,-0.244,-68.970,-40.588,18.005
0.480,-0.268,-0.276,-71.716,-26.978,37.292
0.400,-0.082,-0.366,-65.430,-10.376,52.307
0.473,0.149,-0.382,-58.228,2.563,56.091
0.278,0.243,-0.557,-51.025,-8.362,57.495
0.076,0.275,-0.711,-45.837,-35.461,55.847
-0.005,0.306,-0.743,-53.833,-48.706,45.898
-0.069,0.336,-0.697,-75.684,-71.472,34.973
-0.201,0.330,-0.625,-104.919,-110.962,22.827
-0.355,0.252,-0.539,-142.334,-145.813,14.526
-0.412,0.249,-0.336,-173.157,-168.335,17.456
-0.472,0.351,-0.052,-196.472,-186.829,36.072
-0.523,0.590,0.204,-215.271,-196.350,61.279
-0.459,0.938,0.457,-222.351,-192.261,83.313
-0.237,1.395,0.734,-216.675,-172.485,99.915
-0.089,1.923,0.817,-195.068,-152.161,106.750
0.069,2.303,0.868,-143.799,-135.498,91.187
0.309,2.172,0.954,-66.101,-121.155,49.194
0.379,1.582,1.076,19.836,-103.210,0.305
0.286,0.789,1.172,92.834,-79.163,-34.851
0.380,0.008,1.298,134.949,-51.086,-51.636
0.528,-0.377,1.230,136.169,-29.175,-56.885
0.538,-0.477,1.027,106.445,-5.493,-48.035
0.508,-0.406,0.856,65.674,25.330,-27.771
0.547,-0.264,0.646,25.757,55.237,-8.240
0.605,-0.102,0.415,-4.272,78.796,0.549
0.642,0.026,0.198,-21.057,95.520,0.488
0.715,0.086,0.013,-27.222,106.323,-2.747
0.809,0.095,-0.134,-24.841,109.131,-7.996
0.877,0.064,-0.213,-14.954,101.990,-12.695
0.954,0.006,-0.248,-3.174,87.524,-12.512
1.011,-0.018,-0.243,5.981,67.993,-8.484
1.014,-0.007,-0.184,10.803,46.631,-3.357
1.000,0.023,-0.094,12.695,27.527,2.075
0.990,0.056,-0.004,14.832,14.526,7.751
0.953,0.113,0.107,15.869,8.667,13.184
0.946,0.194,0.159,13.672,10.254,16.541
0.954,0.279,0.168,12.939,16.235,17.517
0.962,0.332,0.170,13.184,23.132,16.663
0.976,0.377,0.117,11.658,29.541,13.855
1.005,0.395,0.049,10.620,32.837,9.033
1.015,0.368,0.001,11.169,31.372,2.747
1.035,0.304,-0.013,12.268,26.001,-2.075
1.027,0.233,0.005,13.916,19.897,-5.066
1.009,0.175,0.031,13.428,15.015,-6.042
1.009,0.146,0.052,11.230,12.024,-4.883
1.003,0.141,0.059,9.460,10.681,-2.686
0.979,0.144,0.070,10.498,9.521,-0.488
0.971,0.156,0.080,12.207,8.240,1.770
0.976,0.158,0.080,14.343,7.263,3.052
0.978,0.147,0.091,17.639,6.226,3.113
0.974,0.137,0.101,19.409,5.371,3.418
0.985,0.131,0.102,18.433,4.700,4.150
0.980,0.145,0.104,14.404,3.845,4.822
0.952,0.193,0.114,8.667,3.052,4.578
0.938,0.225,0.120,5.676,3.479,3.052
0.927,0.216,0.131,6.897,5.066,0.977
0.926,0.186,0.147,9.094,7.385,-0.916
0.928,0.158,0.142,9.033,9.949,-1.404
0.938,0.137,0.140,8.606,12.024,-1.099
0.936,0.125,0.134,8.179,13.062,-0.061
0.927,0.120,0.125,7.812,13.611,1.892
0.921,0.116,0.118,8.301,13.489,4.395
0.916,0.112,0.121,9.338,12.573,7.324
0.908,0.119,0.123,9.827,11.475,10.193
0.911,0.135,0.116,9.949,10.986,12.451
0.911,0.158,0.121,11.353,10.742,13.489
0.916,0.177,0.105,13.794,10.498,13.733
0.925,0.189,0.106,16.296,9.766,13.977
0.922,0.212,0.116,18.921,8.972,14.404
0.916,0.229,0.120,21.790,9.094,13.611
0.915,0.219,0.125,25.269,10.132,12.146
0.912,0.196,0.138,26.978,12.024,10.559
0.913,0.187,0.137,24.658,14.587,9.338
0.931,0.182,0.113,20.020,16.907,8.484
0.943,0.193,0.084,16.113,17.517,7.996
0.965,0.200,0.067,14.221,15.991,7.812
0.979,0.194,0.063,13.855,13.611,7.385


